,0,1,2,3,4,5
0,['2013'],"["" L'Attaque des Titans ""]","[[' Yuki Kaji ', ' Yui Ishikawa ', ' Marina Inoue ', ' Kisho Taniyama ', ' Hiro Shimono ', ' Yoshimasa Hosoya ', ' Takehito Koyasu ', ' Ayane Sakura ', ' Natsuki Hanae ']]","[['Action & Aventure ', 'Science-Fiction ', 'Animation ', 'Drame ', 'Fantastique ', 'Horreur ']]",['https://images.justwatch.com/poster/245159374/s718/attack-on-titan'],[' 9.0 (325k) ']
1,['2019'],[' Demon Slayer : Kimetsu no Yaiba '],"[[' Natsuki Hanae ', ' Akari Kito ', ' Hiro Shimono ', ' Yoshitsugu Matsuoka ', ' Katsuyuki Konishi ', ' Miyuki Sawashiro ']]","[['Science-Fiction ', 'Action & Aventure ', 'Animation ', 'Fantastique ', 'Mystère & Thriller ', 'Horreur ']]",['https://images.justwatch.com/poster/258546507/s718/demon-slayer-kimetsu-no-yaiba'],[' 8.7 (102k) ']
2,['2020'],[' Jujutsu Kaisen '],"[[' Junya Enoki ', ' Yuma Uchida ', ' Asami Seto ', ' Yuichi Nakamura ']]","[['Action & Aventure ', 'Science-Fiction ', 'Animation ', 'Fantastique ', 'Mystère & Thriller ']]",['https://images.justwatch.com/poster/245224692/s718/jujutsu-kaisen'],[' 8.6 (61k) ']
3,['2012'],[' Sword Art Online '],"[[' Ai Kayano ', ' Rina Hidaka ', ' Hiroaki Hirata ', ' Hiroki Yasumoto ', ' Kaori Maeda ', ' Isshin Chiba ', ' Taku Yashiro ', ' Yuko Kaida ', ' Junya Enoki ', ' Miyuki Sawashiro ', ' Kanae Ito ', ' Yoshitsugu Matsuoka ', ' Ayahi Takagaki ', ' Ayana Taketatsu ', ' Sanae Kobayashi ', ' Haruka Tomatsu ']]","[['Action & Aventure ', 'Animation ', 'Science-Fiction ', 'Drame ', 'Western ', 'Fantastique ', 'Comédie Romantique ', 'Mystère & Thriller ', 'Comédie ']]",['https://images.justwatch.com/poster/135069047/s718/sword-art-online'],[' 7.5 (46k) ']
4,['2014'],[' Haikyū!! '],"[[' Ayumu Murase ', ' Kaito Ishikawa ', ' Daisuke Namikawa ', ' Nobuhiko Okamoto ', ' Koki Uchiyama ', ' Miyu Irino ', ' Soma Saito ', ' Yoshimasa Hosoya ', ' Satoshi Hino ', ' Kaori Nazuka ', ' Hiroshi Kamiya ', ' Hisao Egawa ', ' Nobuyori Sagara ', ' Yuu Hayashi ', ' Toshiki Masuda ', ' Koutaro Nishiyama ', ' Sumire Morohoshi ']]","[['Animation ', 'Comédie ', 'Drame ', 'Sport & Fitness ']]",['https://images.justwatch.com/poster/173574304/s718/haikyu'],[' 8.7 (25k) ']
5,['2019'],[' The Promised Neverland '],"[[' Sumire Morohoshi ', ' Mariya Ise ', ' Lynn ', ' Shinei Ueki ', ' Erisa Kuon ', ' Mari Hino ', ' Yuko Mori ', ' Shizuka Ishigami ', ' Ai Kayano ', ' Nao Shiraki ', ' Koko Hayashi ', ' Yoshino Aoyama ', ' Hiyori Kouno ']]","[['Drame ', 'Animation ', 'Mystère & Thriller ', 'Science-Fiction ', 'Action & Aventure ', 'Fantastique ', 'Horreur ']]",['https://images.justwatch.com/poster/249882683/s718/the-promised-neverland'],[' 8.3 (38k) ']
6,['2017'],[' Made In Abyss '],[[]],"[['Drame ', 'Action & Aventure ', 'Science-Fiction ', 'Animation ', 'Fantastique ']]",['https://images.justwatch.com/poster/297797563/s718/made-in-abyss'],[' 8.4 (11k) ']
7,['2014'],[' Tokyo Ghoul '],"[[' Natsuki Hanae ', ' Sora Amamiya ', ' Shintaro Asanuma ', ' Takahiro Sakurai ', ' Sumire Morohoshi ', ' Yuuya Uchida ']]","[['Action & Aventure ', 'Animation ', 'Drame ', 'Mystère & Thriller ', 'Fantastique ', 'Horreur ']]",['https://images.justwatch.com/poster/176671138/s718/tokyo-ghoul'],[' 7.8 (54k) ']
8,['2019'],[' Fruits Basket '],"[[' Manaka Iwami ', ' Nobunaga Shimazaki ', ' Yuma Uchida ', ' Yuichi Nakamura ', ' Rie Kugimiya ', ' Megumi Han ', ' Makoto Furukawa ', ' Kazuyuki Okitsu ', ' Takahiro Sakurai ', ' Reina Ueda ', ' You Taichi ', ' Kengo Kawanishi ', ' Miyuki Sawashiro ', ' Aki Toyosaki ', ' Yuuichirou Umehara ', ' Maaya Sakamoto ', ' Toshiyuki Morikawa ', ' Atsumi Tanezaki ', ' Satomi Sato ', ' Takuya Eguchi ', ' Ai Kakuma ']]","[['Comédie ', 'Drame ', 'Animation ', 'Fantastique ', 'Comédie Romantique ']]",['https://images.justwatch.com/poster/246787478/s718/fruits-basket'],[' 8.6 (6k) ']
9,['2014'],[' Your Lie in April '],"[[' Saori Hayami ', ' Ai Kayano ', ' Risa Taneda ', ' Ayane Sakura ', ' Natsuki Hanae ', ' Ryota Osaka ', ' Yuki Kaji ']]","[['Animation ', 'Drame ', 'Musique & Comédie Musicale ', 'Comédie Romantique ', 'Comédie ']]",['https://images.justwatch.com/poster/244597901/s718/your-lie-in-april'],[' 8.5 (25k) ']
10,['2016'],[' Erased '],"[[' Shinnosuke Mitsushima ', ' Tao Tsuchiya ', ' Minami Takayama ', ' Chinatsu Akasaki ', ' Aoi Yuki ', ' You Taichi ', ' Ayaka Nanase ', ' Yukitoshi Kikuchi ', ' Takahiro Mizushima ', ' Mitsuru Miyamoto ', ' Akari Kito ']]","[['Mystère & Thriller ', 'Animation ', 'Drame ', 'Science-Fiction ', 'Fantastique ']]",['https://images.justwatch.com/poster/50352900/s718/erased'],[' 8.5 (47k) ']
11,['2013'],[' Log Horizon '],"[[' Takuma Terashima ', ' Tomoaki Maeno ', ' Emiri Kato ', ' Jouji Nakata ', ' Daiki Yamashita ', ' Nao Tamura ', ' Eriko Matsui ']]","[['Action & Aventure ', 'Science-Fiction ', 'Comédie ', 'Animation ', 'Fantastique ', 'Comédie Romantique ']]",['https://images.justwatch.com/poster/248811888/s718/log-horizon'],[' 7.6 (4k) ']
12,['2021'],[' Mushoku Tensei : Jobless Reincarnation '],"[[' Yumi Uchiyama ', ' Tomokazu Sugita ', ' Ai Kakuma ', ' Ai Kayano ', ' Konomi Kohara ', ' Daisuke Namikawa ', ' Toshiyuki Morikawa ', ' Hisako Kanemoto ', ' Lynn ', ' Kujira ']]","[['Action & Aventure ', 'Science-Fiction ', 'Animation ', 'Comédie ', 'Drame ', 'Fantastique ']]",['https://images.justwatch.com/poster/243651041/s718/mushoku-tensei-jobless-reincarnation-2021'],[' 8.4 (11k) ']
13,['2019'],[' Fire Force '],"[[' Gakuto Kajiwara ', ' Yusuke Kobayashi ', ' Saeko Kamijo ', ' Mao Ichimichi ', ' Kazuya Nakai ', ' Kenichi Suzumura ', ' Aoi Yuki ', ' Daisuke Sakaguchi ', ' Taku Yashiro ']]","[['Action & Aventure ', 'Science-Fiction ', 'Animation ', 'Drame ', 'Fantastique ']]",['https://images.justwatch.com/poster/199473473/s718/enen-no-shouboutai-fire-force'],[' 7.6 (7k) ']
14,['2021'],[' Ousama Ranking '],"[[' Minami Hinata ', ' Ayumu Murase ', ' Yuki Kaji ', ' Takuya Eguchi ', ' Youji Ueda ', ' Daiki Yamashita ']]","[['Science-Fiction ', 'Action & Aventure ', 'Comédie ', 'Fantastique ', 'Histoire ', 'Animation ']]",['https://images.justwatch.com/poster/254568329/s718/ranking-of-kings'],[' 8.6 (8k) ']
15,['2015'],[' DanMachi - La légende des Familias '],"[[' Yoshitsugu Matsuoka ', ' Inori Minase ', ' Maaya Uchida ', ' Yoshimasa Hosoya ', ' Chinatsu Akasaki ', ' Haruka Chisuga ', ' Kazuyuki Okitsu ', ' Yuka Iguchi ', ' Wakana Kowaka ', ' Ayumi Mano ', ' Akeno Watanabe ', ' Saori Hayami ']]","[['Comédie ', 'Science-Fiction ', 'Action & Aventure ', 'Animation ', 'Fantastique ', 'Comédie Romantique ']]",['https://images.justwatch.com/poster/152928224/s718/danmachi-familia-myth'],[' 7.4 (8k) ']
16,['2020'],[' The Misfit of Demon King Academy '],"[[' Tatsuhisa Suzuki ', ' Tomori Kusunoki ', ' Yuko Natsuyoshi ', ' Shinobu Matsumoto ', ' Aki Toyosaki ', ' Ami Koshimizu ', ' Takuma Terashima ', ' Nene Hieda ', ' Sayumi Watabe ']]","[['Action & Aventure ', 'Science-Fiction ', 'Fantastique ', 'Animation ', 'Comédie ']]",['https://images.justwatch.com/poster/298558780/s718/mo-wang-xue-yuan-nobu-shi-he-zhe-shi-shang-zui-qiang-nomo-wang-noshi-zu-zhuan-sheng-shitezi-sun-tachinoxue-xiao-hetong-u'],[' 7.3 (3k) ']
17,['2020'],[' Uzaki-chan Wants to Hang Out! '],"[[' Kenji Akabane ', ' Naomi Ozora ', ' Ayana Taketatsu ', ' Tomoya Takagi ', ' Yousuke Akimoto ', ' Saori Hayami ', ' Seina Kato ', ' Hideo Ishikawa ', ' Yuko Sanpei ', ' Miki Ito ', ' Tomokazu Sugita ']]","[['Comédie ', 'Animation ', 'Comédie Romantique ', 'Drame ']]",['https://images.justwatch.com/poster/301022624/s718/yu-qi-chiyanhayou-bitai'],[' 6.9 (1k) ']
18,['2019'],[' Kaguya-sama : Love is War '],"[[' Makoto Furukawa ', ' Aoi Koga ', ' Konomi Kohara ', ' Ryota Suzuki ', ' Miyu Tomita ', ' Yumiri Hanamori ', ' Momo Asakura ', ' Rina Hidaka ', ' Taku Yashiro ', ' Kana Ichinose ', ' Haruka Fukuhara ', ' Yutaka Aoyama ']]","[['Animation ', 'Drame ', 'Comédie ', 'Comédie Romantique ', 'Mystère & Thriller ']]",['https://images.justwatch.com/poster/107385590/s718/kaguya-sama-love-is-war'],[' 8.6 (14k) ']
19,['2018'],[' Sword Art Online Alternative - Gun Gale Online '],"[[' Tomori Kusunoki ', ' Chinatsu Akasaki ', ' Yoko Hikasa ', ' Kazuyuki Okitsu ']]","[['Science-Fiction ', 'Animation ', 'Action & Aventure ', 'Fantastique ']]",['https://images.justwatch.com/poster/110924410/s718/sword-art-online-alternative-gun-gale-online'],[' 6.8 (2k) ']
20,['2020'],[' Plunderer '],"[[' Ari Ozawa ', ' Yoshiki Nakajima ', ' Aoi Ichikawa ', ' Shizuka Itoh ', ' Rina Honnizumi ']]","[['Action & Aventure ', 'Science-Fiction ', 'Fantastique ', 'Comédie Romantique ', 'Animation ']]",['https://images.justwatch.com/poster/177579091/s718/plunderer'],[' 6.4 (1k) ']
21,['2004'],[' Gantz '],"[[' Daisuke Namikawa ', ' Hitomi Nabatame ', ' Masashi Oosato ', ' Mie Sonozaki ', ' Hiroshi Kamiya ']]","[['Science-Fiction ', 'Animation ', 'Action & Aventure ', 'Comédie ', 'Horreur ', 'Mystère & Thriller ', 'Drame ', 'Fantastique ']]",['https://images.justwatch.com/poster/174641401/s718/gantz'],[' 6.0 ']
22,['2021'],[' Horimiya '],"[[' Haruka Tomatsu ', ' Koki Uchiyama ', ' Seiichiro Yamashita ', ' Yurie Kozakai ', ' Nobuhiko Okamoto ', ' Mao Ichimichi ', ' Reina Kondo ', ' Daiki Yamashita ', ' Jun Fukuyama ', ' Taku Yashiro ', ' Shoya Chiba ', ' Momo Asakura ', ' Daisuke Ono ', ' Ai Kayano ', ' Yuka Terasaki ', ' Hisako Kanemoto ']]","[['Comédie ', 'Drame ', 'Animation ']]",['https://images.justwatch.com/poster/248806577/s718/horimiya'],[nan]
23,['2009'],[' Monogatari '],"[[' Yui Horie ', ' Maaya Sakamoto ', ' Satsuki Yukino ', ' Miyuki Sawashiro ', ' Marina Inoue ', ' Saori Hayami ', ' Kaori Mizuhashi ', ' Chiwa Saito ', ' Hiroshi Kamiya ', ' Kana Hanazawa ', ' Rikiya Koyama ']]","[['Mystère & Thriller ', 'Animation ', 'Drame ', 'Action & Aventure ', 'Science-Fiction ', 'Comédie ', 'Comédie Romantique ', 'Fantastique ']]",['https://images.justwatch.com/poster/241301972/s718/monogatari'],[' 8.0 (5k) ']
24,['2018'],[' Cardcaptor Sakura: Clear Card '],"[[' Natsuki Hanae ', ' Motoko Kumai ', ' Junko Iwao ', ' Aya Hisakawa ', ' Masaya Onosaka ', ' Tomokazu Seki ', ' Megumi Ogata ', ' Minori Suzuki ', ' Sakura Tange ']]","[['Science-Fiction ', 'Animation ', 'Action & Aventure ', 'Comédie ', 'Fantastique ', 'Comédie Romantique ', ' Morio Asaka ']]",['https://images.justwatch.com/poster/56617235/s718/cardcaptor-sakura-clear-card'],[' 7.8 ']
25,['2018'],[' Dakaichi - My Number 1 '],"[[' Takahashi Hiroki ', ' Yuki Ono ', ' Wataru Hatano ', ' Takuya Sato ', ' Yuma Uchida ', ' Kohsuke Toriumi ']]","[['Drame ', 'Comédie ', 'Animation ', 'Comédie Romantique ']]",['https://images.justwatch.com/poster/85722668/s718/dakaichi-my-number-1'],[' 7.3 ']
26,['2018'],[' Persona 5: The Animation '],"[[' Jun Fukuyama ', ' Ikue Otani ', ' Mamoru Miyano ', ' Nana Mizuki ', ' Tomokazu Sugita ', ' Rina Sato ', ' Aoi Yuki ', ' Haruka Tomatsu ', ' Soichiro Hoshi ', ' Aki Toyosaki ']]","[['Action & Aventure ', 'Animation ', 'Fantastique ', ' Masashi Ishihama ']]",['https://images.justwatch.com/poster/61100186/s718/persona-5-the-animation'],[' 6.7 ']
27,['2021'],[' SK8 the Infinity '],"[[' Chiaki Kobayashi ', ' Tasuku Hatanaka ', ' Takehito Koyasu ', ' Hikaru Midorikawa ', ' Takuma Nagatsuka ', ' Yasunori Matsumoto ', ' Kenta Miyake ']]",[['Action & Aventure ']],['https://images.justwatch.com/poster/240278495/s718/sk8-the-infinity'],[nan]
28,['2022'],[' My Dress-Up Darling '],"[[' Shoya Ishige ', ' Hina Suguta ', ' Atsumi Tanezaki ', ' Hina Yomiya ', ' Atsushi Ono ']]","[['Drame ', 'Animation ', 'Comédie ', 'Comédie Romantique ']]",['https://images.justwatch.com/poster/258528900/s718/my-dress-up-darling'],[' 8.1 (8k) ']
29,['2013'],[' Blood Lad '],"[[' Iori Nomizu ', ' Sarah Emi Bridcutt ', ' Ryota Osaka ', ' Yuuka Nanri ', ' Ryohei Kimura ']]","[['Science-Fiction ', 'Comédie ', 'Drame ', 'Fantastique ', 'Horreur ', 'Animation ', 'Action & Aventure ']]",['https://images.justwatch.com/poster/150366891/s718/blood-lad'],[' 7.0 (2k) ']
30,['2006'],"[' Hinamizawa, le village maudit ']","[[' Soichiro Hoshi ', ' Satsuki Yukino ', ' Mai Nakahara ', ' Satsuki Yukino ', ' Mika Kanai ', ' Yukari Tamura ', ' Yui Horie ']]","[['Drame ', 'Mystère & Thriller ', 'Animation ', 'Science-Fiction ', 'Horreur ', 'Comédie ', ' Chiaki Kon ']]",['https://images.justwatch.com/poster/248466943/s718/higurashi-no-naku-koro-ni'],[' 5.6 ']
31,['1995'],[' Mobile Suit Gundam Wing '],"[[' Akiko Yajima ', ' Toshihiko Seki ', ' Hikaru Midorikawa ', ' Ai Orikasa ', ' Ryuzou Ishino ', ' Takehito Koyasu ', ' Ryotaro Okiayu ', ' Chisa Yokoyama ', ' Sayuri ', ' Saori Sugimoto ', ' Yumi Touma ', ' Kae Araki ', ' Naoko Matsui ', ' Osamu Kato ', ' Hiroshi Ishida ', ' Minoru Inaba ', ' Osamu Ichikawa ', ' Akio Otsuka ', ' Shigeru Nakahara ']]","[['Science-Fiction ', 'Film de guerre ', 'Action & Aventure ', 'Animation ', 'Drame ', 'Comédie Romantique ', ' Shinji Takamatsu ', ' Masashi Ikeda ']]",['https://images.justwatch.com/poster/105022404/s718/mobile-suit-gundam-wing'],[' 8.0 (4k) ']
32,['2018'],[' Goblin Slayer '],"[[' Aya Endo ', ' Yuuichirou Umehara ', ' Yui Ogura ', ' Nao Toyama ', ' Yuka Iguchi ', ' Maaya Uchida ', ' Yuichi Nakamura ', ' Tomokazu Sugita ']]","[['Animation ', 'Action & Aventure ', 'Science-Fiction ', 'Fantastique ']]",['https://images.justwatch.com/poster/186390909/s718/goblin-slayer'],[' 7.5 (7k) ']
33,['2016'],[' Grimgar : Le Monde des cendres et de fantaisie '],"[[' Fukushi Ochiai ', ' Yoshimasa Hosoya ', ' Hiroyuki Yoshino ', ' Nobunaga Shimazaki ', ' Mikako Komatsu ', ' Haruka Terui ', ' Tomokazu Seki ', ' Daisuke Namikawa ', ' Hiroki Yasumoto ', ' Mamiko Noto ']]","[['Action & Aventure ', 'Science-Fiction ', 'Fantastique ', 'Animation ', 'Drame ', ' Ryosuke Nakamura ']]",['https://images.justwatch.com/poster/240372323/s718/hai-to-gensou-no-grimgar'],[' 7.4 (2k) ']
34,['2001'],[' The Prince of Tennis '],"[[' Mikako Takahashi ', ' Junko Minagawa ', ' Takahashi Hiroki ', ' Naru Kawamoto ', ' Yuki Kaida ', ' Kondo Takayuki ']]","[['Animation ', 'Sport & Fitness ', 'Comédie ', 'Action & Aventure ']]",['https://images.justwatch.com/poster/242778594/s718/the-prince-of-tennis'],[' 6.9 ']
35,['2014'],[' The Irregular at Magic High School '],"[[' Yuichi Nakamura ', ' Saori Hayami ', ' Yoko Hikasa ', ' Yumi Uchiyama ', ' Takuma Terashima ', ' Satomi Sato ', ' Atsushi Tamaru ', ' Sora Amamiya ', ' Yuiko Tatsumi ', ' Kana Hanazawa ', ' Marina Inoue ', ' Junichi Suwabe ']]","[['Action & Aventure ', 'Science-Fiction ', 'Animation ', 'Drame ', 'Fantastique ', 'Comédie Romantique ']]",['https://images.justwatch.com/poster/178032671/s718/mahouka-koukou-no-rettousei'],[' 7.1 (3k) ']
36,['2018'],[' Megalo Box '],"[[' Yoshimasa Hosoya ', ' Hiroki Yasumoto ', ' Michiyo Murase ', ' Nanako Mori ', ' Tatsuhisa Suzuki ']]","[['Animation ', 'Action & Aventure ', 'Drame ', 'Science-Fiction ', 'Sport & Fitness ']]",['https://images.justwatch.com/poster/253938038/s718/megalo-box'],[' 7.8 (3k) ']
37,['2022'],"["" The Genius Prince's Guide to Raising a Nation Out of Debt ""]","[[' Soma Saito ', ' Rie Takahashi ', ' Sayaka Senbongi ', ' Nao Toyama ', ' Yoko Hikasa ', ' Yuki Sakakihara ', ' Yuki Nakashima ', ' Takayuki Sugo ', ' Daiki Hamano ', ' Akio Otsuka ', ' Mamiko Noto ', ' Ryuichi Kijima ', ' Kenichirou Matsuda ', ' Kengo Kawanishi ']]","[['Comédie ', 'Science-Fiction ', 'Animation ', 'Fantastique ']]",['https://images.justwatch.com/poster/258646589/s718/the-genius-princes-guide-to-raising-a-nation-out-of-debt'],[' 7.0 ']
38,['2015'],[' Charlotte '],"[[' Koki Uchiyama ', ' Ayane Sakura ', ' Maaya Uchida ', ' Momo Asakura ', ' Takahiro Mizushima ']]","[['Science-Fiction ', 'Animation ', 'Drame ', 'Pour enfants ', 'Fantastique ']]",['https://images.justwatch.com/poster/142154668/s718/charlotte'],[' 7.5 (6k) ']
39,['2018'],[' Rascal Does Not Dream of Bunny Girl Senpai '],"[[' Kaito Ishikawa ', ' Asami Seto ', ' Nao Toyama ', ' Atsumi Tanezaki ', ' Maaya Uchida ', ' Yurika Kubo ', ' Inori Minase ']]","[['Comédie ', 'Mystère & Thriller ', 'Animation ', 'Drame ', 'Fantastique ', 'Comédie Romantique ']]",['https://images.justwatch.com/poster/85355168/s718/rascal-does-not-dream-of-bunny-girl-senpai'],[' 8.1 (12k) ']
40,['2021'],[' Mieruko-chan '],"[[' Sora Amamiya ', ' Kaede Hondo ', ' Ayane Sakura ', ' Yuichi Nakamura ', ' Ikuko Tani ', ' Yumiri Hanamori ', ' Hitomi Nabatame ', ' Kohsuke Toriumi ', ' Nobuo Tobita ']]","[['Animation ', 'Mystère & Thriller ', 'Horreur ', 'Comédie ', 'Fantastique ']]",['https://images.justwatch.com/poster/256845755/s718/mieruko-chan'],[' 7.2 (1k) ']
41,['2019'],[' Arifureta '],"[[' Toshinari Fukamachi ', ' Yuuki Kuwahara ', ' Minami Takahashi ', ' Yoko Hikasa ', ' Saori Onishi ', ' Yumiri Hanamori ', ' Ai Kakuma ', ' Yui Ogura ', ' Noriko Shibasaki ', ' Rina Sato ', ' Katsuyuki Konishi ', ' Makoto Ishii ']]","[['Animation ', 'Action & Aventure ', 'Science-Fiction ', 'Fantastique ', 'Comédie Romantique ']]",['https://images.justwatch.com/poster/152149113/s718/arifureta'],[' 7.1 (3k) ']
42,['2020'],"["" BOFURI : Je suis pas venue ici pour souffrir alors j'ai tout mis en défense ""]","[[' Kaede Hondo ', ' Ruriko Noguchi ', ' Saori Hayami ', ' Satomi Arai ', ' Ai Kakuma ', ' Nanaka Suwa ', ' Noriaki Sugiyama ', ' Satomi Sato ', ' Kensho Ono ', ' Takumi Yamazaki ', ' Ayana Taketatsu ', ' Nobutoshi Canna ', ' Rina Sato ', ' Kappei Yamaguchi ', ' Akira Ishida ', ' Yuko Minaguchi ', ' Sakura Tange ']]","[['Action & Aventure ', 'Science-Fiction ', 'Animation ', 'Comédie ', 'Fantastique ']]",['https://images.justwatch.com/poster/167579919/s718/bofuri-je-ne-suis-pas-venue-ici-pour-souffrir-alors-jai-tout-mis-en-defense'],[' 7.5 (1k) ']
43,['2020'],"["" Darwin's Game ""]","[[' Yusuke Kobayashi ', ' Reina Ueda ', ' Nichika Omori ', ' Yumiri Hanamori ', ' Taku Yashiro ', ' Yoshitsugu Matsuoka ', ' Ai Kakuma ']]","[['Animation ', 'Mystère & Thriller ', 'Action & Aventure ', 'Science-Fiction ', 'Drame ']]",['https://images.justwatch.com/poster/261221066/s718/darwins-game'],[' 7.2 (2k) ']
44,['2020'],[' Toilet-Bound  Hanako-Kun '],"[[' Minako Sato ', ' Megumi Ogata ', ' Akari Kito ', ' Shoya Chiba ', ' Yuma Uchida ', ' Chika Anzai ', ' Takahiro Mizushima ', ' Genki Okawa ', ' Kenjiro Tsuda ', ' Daiki Kobayashi ']]","[['Animation ', 'Mystère & Thriller ', 'Comédie ']]",['https://images.justwatch.com/poster/253936435/s718/di-fu-shao-nian-hua-zi-kun'],[' 8.6 ']
45,['2013'],[' Date A Live '],"[[' Nobunaga Shimazaki ', ' Marina Inoue ', ' Misuzu Togashi ', ' Ayana Taketatsu ', ' Iori Nomizu ', ' Asami Sanada ', ' Maaya Uchida ', ' Sarah Emi Bridcutt ', ' Minori Chihara ', ' Hitomi Nabatame ', ' Akari Kageyama ', ' Aya Endo ', ' Takehito Koyasu ']]","[['Science-Fiction ', 'Comédie ', 'Action & Aventure ', 'Animation ', 'Fantastique ', 'Comédie Romantique ', 'Mystère & Thriller ']]",['https://images.justwatch.com/poster/253935870/s718/date-a-live'],[' 6.9 (3k) ']
46,['2020'],[' By the Grace of the Gods '],"[[' Azusa Tadokoro ', ' Hiroki Yasumoto ', ' Makoto Koichi ', ' Marika Kouno ', ' Makoto Furukawa ', ' Kikuko Inoue ', ' Yuuki Kuwahara ', ' Motomu Kiyokawa ', ' Daisuke Ono ', ' Takehito Koyasu ', ' Saori Hayami ', ' Yuuki Takada ', ' Yui Fukuo ', ' Yuuki Hirose ', ' Tetsu Inada ']]","[['Action & Aventure ', 'Science-Fiction ', 'Fantastique ', 'Animation ']]",['https://images.justwatch.com/poster/253935520/s718/shen-da-nishi-waretanan'],[' 7.1 ']
47,['2021'],[' Sonny Boy '],"[[' Aoi Ichikawa ', ' Saori Onishi ', ' Aoi Yuki ', ' Chiaki Kobayashi ', ' Kana Ogino ', ' Hiroki Goto ', ' Ami Naito ', ' Hana Sato ', ' Youji Ueda ', ' Shota Yamamoto ']]","[['Science-Fiction ', 'Animation ', 'Drame ']]",['https://images.justwatch.com/poster/255774289/s718/sonny-boy'],[' 7.6 (1k) ']
48,['2016'],[' D.Gray-man Hallow '],"[[' Ayumu Murase ', ' Takuya Sato ', ' Ai Kakuma ', ' Kenichi Suzumura ', ' Noriaki Sugiyama ', ' Ami Koshimizu ', ' Hochu Otsuka ', ' Yasuhiro Mamiya ', ' Shinnosuke Tachibana ', ' Sayuri Yahagi ', ' Sayuri Yahagi ', ' Mitsuaki Madono ', ' Go Inoue ', ' Tomokazu Sugita ', ' Mitsuhiro Ichiki ', ' Wataru Hatano ', ' Natsumi Takamori ', ' Toru Okawa ', ' Shozo Iizuka ', ' Sachi Kokuryu ', ' Takuya Eguchi ', ' Soma Saito ', ' Kenji Nomura ', ' Kazutomi Yamamoto ', ' Rie Suegara ', ' Ryota Asari ', ' Yutaka Aoyama ', ' Nobuo Tobita ', ' Yui Kondou ', ' Masakazu Nishida ', ' Soichiro Hoshi ']]","[['Action & Aventure ', 'Science-Fiction ', 'Fantastique ', 'Animation ', 'Drame ', ' Yoshiharu Ashino ']]",['https://images.justwatch.com/poster/243041423/s718/d-gray-man-hallow'],[' 7.4 ']
49,['2021'],[' Platinum End '],"[[' Miyu Irino ', ' Yui Ogura ', ' Mao Ichimichi ', ' Natsuki Hanae ', ' Toshiyuki Morikawa ', ' Ai Kayano ', ' Kaito Ishikawa ', ' Kikuko Inoue ', ' Tomoaki Maeno ', ' Hikaru Midorikawa ', ' Kaori Maeda ', ' Shoya Chiba ', ' Hiroshi Tsuchida ']]","[['Mystère & Thriller ', 'Animation ', 'Action & Aventure ', 'Drame ', 'Fantastique ']]",['https://images.justwatch.com/poster/242350749/s718/platinum-end-2021'],[' 6.1 (1k) ']
50,['2014'],[' Fate/Stay Night : Unlimited Blade Works '],"[[' Noriaki Sugiyama ', ' Kana Ueda ', ' Junichi Suwabe ', ' Ayako Kawasumi ']]","[['Science-Fiction ', 'Action & Aventure ', 'Animation ', 'Drame ', 'Mystère & Thriller ', 'Fantastique ', 'Comédie Romantique ']]",['https://images.justwatch.com/poster/255430295/s718/fate-stay-night-unlimited-blade-works'],[' 8.0 (8k) ']
51,['2019'],[' Ikkitousen: Western Wolves '],[[]],"[['Animation ', 'Action & Aventure ', 'Fantastique ', ' Takashi Watanabe ']]",['https://images.justwatch.com/poster/141484836/s718/qi-dang-qian-western-wolves'],[' 6.4 ']
52,['2021'],[' RE-MAIN '],"[[' Yuto Uemura ', ' Koutaro Nishiyama ', ' Subaru Kimura ', ' Lynn ', ' Soma Saito ', ' Makoto Furukawa ', ' Tasuku Hatanaka ', ' Daisuke Hirose ']]","[['Drame ', 'Animation ', 'Comédie ', 'Sport & Fitness ']]",['https://images.justwatch.com/poster/246791323/s718/re-main'],[' 7.2 ']
53,['2017'],"["" Miss Kobayashi's Dragon Maid ""]","[[' Mutsumi Tamura ', ' Yuuki Kuwahara ', ' Maria Naganawa ', ' Yuuki Takada ', ' Minami Takahashi ', ' Daisuke Ono ', ' Yuichi Nakamura ', ' Emiri Kato ', ' Yuko Goto ', ' Kaori Ishihara ', ' Tomomi Mineuchi ']]","[['Animation ', 'Comédie ', 'Science-Fiction ', 'Fantastique ']]",['https://images.justwatch.com/poster/244197833/s718/miss-kobayashis-dragon-maid'],[' 7.7 (4k) ']
54,['2018'],[' Steins;Gate 0 '],"[[' Mamoru Miyano ', ' Sayuri Yahagi ', ' Asami Imai ', ' Kana Hanazawa ', ' Tomokazu Seki ', ' Yukari Tamura ', ' Haruko Momoi ', ' Yu Kobayashi ', ' Megumi Han ', ' Youji Ueda ', ' Hina Kino ', ' Mariko Honda ', ' Masaki Terasoma ', ' Saori Goto ', ' Ayano Yamamoto ']]","[['Science-Fiction ', 'Animation ', 'Comédie Romantique ', 'Comédie ', 'Drame ', 'Mystère & Thriller ']]",['https://images.justwatch.com/poster/54679602/s718/steins-gate-0'],[' 8.4 (9k) ']
55,['2011'],[' Anohana: the Flower We Saw That Day '],"[[' Miyu Irino ', ' Mutsumi Tamura ', ' Ai Kayano ', ' Haruka Tomatsu ', ' Takahiro Sakurai ', ' Asami Seto ', ' Saori Hayami ', ' Kondo Takayuki ', ' Aki Toyosaki ', ' Mitsuru Ogata ', ' Yui Makino ', ' Sayaka Ohara ', ' Fuyuka Ono ', ' Kaoru Mizuhara ', ' Makoto Yasumura ']]","[['Animation ', 'Drame ', 'Mystère & Thriller ', 'Fantastique ', 'Comédie Romantique ']]",['https://images.justwatch.com/poster/122939645/s718/anori-jian-tahua-noming-qian-wopu-da-hamadazhi-ranai'],[' 8.2 (13k) ']
56,['2021'],[' Kyoukai Senki '],"[[' Gen Sato ', ' Natsumi Fujiwara ', ' Kana Ichinose ', ' Taishi Murata ', ' Yui Ishikawa ', ' Yuto Uemura ']]","[['Science-Fiction ', 'Action & Aventure ']]",['https://images.justwatch.com/poster/254577400/s718/amaim-warrior-at-the-borderline-kyoukai-senki'],[' 6.4 ']
57,['2020'],[' Akudama Drive '],"[[' Tomoyo Kurosawa ', ' Yuuichirou Umehara ', ' Shunsuke Takeuchi ', ' Shun Horie ', ' Megumi Ogata ', ' Subaru Kimura ', ' Takahiro Sakurai ']]","[['Mystère & Thriller ', 'Action & Aventure ', 'Science-Fiction ', 'Animation ']]",['https://images.justwatch.com/poster/209941343/s718/akudama-drive'],[' 7.3 (2k) ']
58,['2011'],[' Puella Magi Madoka Magica '],"[[' Aoi Yuki ', ' Chiwa Saito ', ' Eri Kitamura ', ' Ai Nonaka ', ' Emiri Kato ']]","[['Science-Fiction ', 'Drame ', 'Fantastique ', 'Mystère & Thriller ', 'Animation ']]",['https://images.justwatch.com/poster/181547388/s718/mo-fa-shao-nu-madokamagika'],[' 8.2 (9k) ']
59,['2021'],[' Les Mémoires de Vanitas '],"[[' Natsuki Hanae ', ' Kaito Ishikawa ', ' Inori Minase ', ' Shino Shimoji ', ' Ai Kayano ', ' Yoko Hikasa ', ' Toshiyuki Morikawa ', ' Kengo Kawanishi ', ' Tomoaki Maeno ', ' Ayumu Murase ', ' Rie Kugimiya ', ' Daiki Hamano ', ' Akira Ishida ', ' Taro Kiuchi ', ' Koji Yusa ', ' Riho Kuma ', ' Kaori Nazuka ', ' Miyu Komaki ']]","[['Action & Aventure ', 'Horreur ', 'Science-Fiction ', 'Animation ', 'Fantastique ']]",['https://images.justwatch.com/poster/250398052/s718/les-memoires-de-vanitas'],[' 7.6 (1k) ']
60,['2020'],[' Dokyuu Hentai Hxeros '],"[[' Yoshitsugu Matsuoka ', ' Ai Kakuma ', ' Sayuri Yahagi ', ' Yuuki Kuwahara ', ' Ai Kayano ', ' Rikiya Koyama ', ' Nichika Omori ', ' Daisuke Kishio ', ' Shin-ichiro Miki ']]","[['Animation ', 'Action & Aventure ', 'Comédie ', 'Drame ', 'Fantastique ', 'Comédie Romantique ']]",['https://images.justwatch.com/poster/192495709/s718/dokyuu-hentai-hxeros'],[' 5.4 ']
61,['2015'],[' The Asterisk War: The Academy City on the Water '],"[[' Atsushi Tamaru ', ' Ai Kakuma ', ' Nao Toyama ', ' Shiori Izawa ', ' Ari Ozawa ', ' Yuma Uchida ']]","[['Animation ', 'Action & Aventure ', 'Science-Fiction ', 'Comédie ', 'Fantastique ', 'Comédie Romantique ', ' Kenji Seto ', ' Manabu Ono ']]",['https://images.justwatch.com/poster/188548949/s718/the-asterisk-war'],[' 6.8 (2k) ']
62,['2021'],[' Visual Prison '],"[[' Shoya Chiba ', ' Makoto Furukawa ', ' Hiroki Nanami ', ' Shun Horie ', ' Takuya Eguchi ', ' Nobunaga Shimazaki ', ' Takuma Nagatsuka ', ' Shogo Yano ', ' Toshiki Masuda ', ' Shouta Aoi ', ' Tomokazu Sugita ']]","[['Animation ', 'Science-Fiction ']]",['https://images.justwatch.com/poster/243846814/s718/visual-prison'],[nan]
63,['2021'],"["" Banished From The Hero's Party, I Decided to Live a Quiet Life in the Countryside ""]","[[' Ryota Suzuki ', ' Kanon Takao ', ' Naomi Ozora ', ' Sora Amamiya ', ' Taku Yashiro ', ' Aya Uchida ', ' Kenta Miyake ', ' Rie Kugimiya ', ' Kohei Amasaki ', ' Masahiro Yamanaka ', ' Yu Serizawa ', ' Sora Tokui ', ' Takeru Mishina ', ' Nao Toyama ', ' Ken Uo ', ' Youji Ueda ']]","[['Action & Aventure ', 'Science-Fiction ', 'Fantastique ', 'Animation ']]",['https://images.justwatch.com/poster/255401611/s718/shin-no-nakama-ja-nai-to-yuusha-no-party-o-oidasareta-node-henkyou-de-slow-life-suru-koto-ni-shimashita'],[' 6.7 ']
64,['2022'],[' Sasaki and Miyano '],"[[' Yusuke Shirai ', ' Soma Saito ', ' Yoshitsugu Matsuoka ', ' Yuki Ono ', ' Yuma Uchida ', ' Ryohei Arai ', ' Mitsuhiro Ichiki ']]","[['Comédie ', 'Animation ', 'Drame ', 'Comédie Romantique ']]",['https://images.justwatch.com/poster/267170002/s718/sasaki-and-miyano'],[' 7.7 ']
65,['2017'],[' UQ Holder! '],"[[' Yuka Takakura ', ' Yuki Matsuoka ', ' Yuki Matsuoka ', ' Ai Kayano ', ' Yui Ogura ', ' Yuuki Hirose ']]","[['Animation ', 'Action & Aventure ', 'Comédie ', 'Science-Fiction ', ' Youhei Suzuki ']]",['https://images.justwatch.com/poster/168076111/s718/uq-holder'],[nan]
66,['2016'],[' March Comes in like a Lion '],[[' Kengo Kawanishi ']],"[['Animation ', 'Drame ', 'Comédie ', 'Comédie Romantique ']]",['https://images.justwatch.com/poster/255384361/s718/3-gatsu-no-lion'],[' 8.3 (2k) ']
67,['2019'],[' Wise Man’s Grandchild '],"[[' Rina Honnizumi ', ' Saya Satou ', ' Yusuke Kobayashi ', ' Yuuki Wakai ', ' Yusaku Yara ', ' Gara Takashima ', ' Toshiyuki Morikawa ', ' Miyu Kubota ', ' Arisa Shida ', ' Megumi Yamaguchi ', ' Juri Nagatsuma ', ' Chiaki Kobayashi ', ' Keisuke Koumoto ', ' Shota Hayama ', ' Shohei Komatsu ']]","[['Animation ', 'Action & Aventure ', 'Science-Fiction ', 'Comédie ', 'Fantastique ']]",['https://images.justwatch.com/poster/125939402/s718/wise-mans-grandchild'],[' 6.8 (2k) ']
68,['2019'],[' Cautious Hero: The Hero is Overpowered but Overly Cautious '],"[[' Yuuichirou Umehara ', ' Aki Toyosaki ', ' Hibiku Yamamura ', ' Kengo Kawanishi ', ' Aoi Koga ']]","[['Film de guerre ', 'Animation ', 'Action & Aventure ', 'Comédie ', 'Science-Fiction ']]",['https://images.justwatch.com/poster/152682313/s718/shinchou-yuusha'],[nan]
69,['2018'],[' Les Brigades Immunitaires '],"[[' Kana Hanazawa ', ' Hiroyuki Yoshino ', ' Mao Ichimichi ', ' Nobuhiko Okamoto ', ' Tomoaki Maeno ', ' Shoya Chiba ', ' Daisuke Ono ', ' Maria Naganawa ', ' Takahiro Sakurai ', ' Saori Hayami ']]","[['Action & Aventure ', 'Comédie ', 'Fantastique ', 'Animation ']]",['https://images.justwatch.com/poster/250086330/s718/les-brigades-immunitaires'],[' 7.6 (2k) ']
70,['2021'],"[' Imagine, un cambrousard du dernier donjon dans la ville de départ ! ']","[[' Madoka Asahina ', ' Yumiri Hanamori ', ' Miku Ito ', ' Ai Kayano ', ' Minami Tsuda ', ' Natsumi Hioka ', ' Mao Ichimichi ', ' Seiichiro Yamashita ', ' Satoshi Hino ', ' Soma Saito ', ' Haruka Tomatsu ', ' Taketora ']]",[['Science-Fiction ']],['https://images.justwatch.com/poster/240559730/s718/imagine-un-cambrousard-du-dernier-donjon-dans-la-ville-de-depart'],[nan]
71,['2020'],[' Moriarty the Patriot '],"[[' Soma Saito ', ' Takuya Sato ', ' Chiaki Kobayashi ', ' Makoto Furukawa ', ' Yuki Ono ', ' Satoshi Hino ', ' Yuto Uemura ', ' Shizuka Ishigami ', ' Nao Toyama ']]","[['Animation ', 'Mystère & Thriller ', 'Crime & Thriller ', 'Histoire ']]",['https://images.justwatch.com/poster/245305908/s718/you-guo-nomoriatei'],[' 8.0 (2k) ']
72,['2022'],[' Tribe Nine '],"[[' Yui Horie ', ' Akira Ishida ', ' Chiharu Sawashiro ', ' Mai Fuchigami ', ' Mutsumi Tamura ', ' Fukushi Ochiai ', ' Shoya Chiba ', ' Hiroshi Naka ', ' Mikako Komatsu ', ' Yuichi Nakamura ', ' Daisuke Ono ', ' Junta Terashima ', ' Reina Kondo ', ' Yukihiro Nozuyama ', ' Kenichirou Matsuda ', ' Gakuto Kajiwara ']]","[['Animation ', 'Science-Fiction ']]",['https://images.justwatch.com/poster/259497771/s718/tribe-nine'],[nan]
73,['2021'],[' The Duke of Death and his Maid '],"[[' Natsuki Hanae ', ' Ayumi Mano ', ' Hochu Otsuka ', ' Inori Minase ', ' Wakana Kuramochi ', ' Hiroshi Kamiya ', ' Yuma Uchida ']]","[['Animation ', 'Comédie ', 'Drame ']]",['https://images.justwatch.com/poster/247591590/s718/shinigami-bocchan-to-kuro-maid'],[nan]
74,['2022'],[' Futsal Boys!!!!! '],"[[' Ryota Takara ', ' Shuto Ishimori ', ' Kohei Yoshiwara ', ' Ryotaro Yamaguchi ', ' Kazuki Furuta ', ' Kazuki Ura ', ' Keita Tada ', ' Takao Sakuma ', ' Minato Kamimura ', ' Yuya Arai ', ' Junpei Baba ', ' Yasunao Sakai ', ' Mizuki Chiba ', ' Hiromu Mineta ', ' Satoru Murakami ', ' Naoya Miyase ']]","[['Animation ', ' Yukina Hiiro ']]",['https://images.justwatch.com/poster/259075150/s718/futsal-boys'],[nan]
75,['2021'],[' Uramichi Oniisan '],"[[' Hiroshi Kamiya ', ' Tomokazu Sugita ', ' Yuichi Nakamura ', ' Mamoru Miyano ', ' Nana Mizuki ', ' Ryohei Kimura ', ' Kenichi Suzumura ', ' Daisuke Ono ']]","[['Comédie ', 'Animation ']]",['https://images.justwatch.com/poster/248466832/s718/uramichioxiong-san'],[nan]
76,['2021'],[' My Senpai is Annoying '],"[[' Tomori Kusunoki ', ' Shunsuke Takeuchi ', ' Saori Hayami ', ' Reiou Tsuchida ', ' Reina Aoyama ', ' Yui Horie ', ' Aoi Koga ', ' Akio Otsuka ']]","[['Animation ', 'Drame ']]",['https://images.justwatch.com/poster/272299274/s718/my-senpai-is-annoying'],[nan]
77,['2019'],[' Azur Lane '],"[[' Yui Ishikawa ', ' Mai Nakahara ', ' Maria Naganawa ', ' Nozomi Yamane ', ' Yui Horie ', ' You Taichi ']]","[['Action & Aventure ', 'Science-Fiction ', 'Drame ', 'Fantastique ', 'Animation ']]",['https://images.justwatch.com/poster/178477211/s718/azur-lane'],[' 5.6 ']
78,['2019'],[' Hoshiai no Sora '],"[[' Gen Sato ', ' Natsuki Hanae ', ' Tasuku Hatanaka ', ' Yoshitsugu Matsuoka ', ' Toshiyuki Toyonaga ', ' Yusuke Kobayashi ', ' Kohei Amasaki ', ' Yoshitaka Yamaya ', ' Satsumi Matsuda ', ' Shiina Natsukawa ', ' Maaya Sakamoto ', ' Makoto Furukawa ', ' Takahiro Sakurai ', ' Yuko Kaida ', ' Kaori Nazuka ', ' Kazuya Nakai ', ' Masaya Matsukaze ', ' Ryoka Yuzuki ', ' Keisuke Satō ', ' Mayu Mineda ']]","[['Animation ', 'Drame ', 'Sport & Fitness ', ' Kazuki Akane ']]",['https://images.justwatch.com/poster/164991130/s718/hoshiai-no-sora'],[' 7.4 ']
79,['2021'],[' Kyuuketsuki Sugu Shinu '],"[[' Jun Fukuyama ', ' Shin Furukawa ', ' Mutsumi Tamura ', ' Natsumi Hioka ', ' Yoshitsugu Matsuoka ', ' Yoshimasa Hosoya ', ' Atsushi Tamaru ', ' Shunichi Toki ', ' Daisuke Ono ', ' Kondo Takayuki ', ' Yoko Hikasa ', ' Kaori Ishihara ', ' Takehito Koyasu ', ' Koutaro Nishiyama ', ' Seiichiro Yamashita ']]","[['Animation ', 'Comédie ', 'Science-Fiction ']]",['https://images.justwatch.com/poster/251925975/s718/the-vampire-dies-in-no-time'],[nan]
80,['2017'],[' Grimoire of Zero '],"[[' Yumiri Hanamori ', ' Tsuyoshi Koyama ', ' You Taichi ', ' Takehito Koyasu ', ' Masayuki Katou ']]","[['Comédie ', 'Science-Fiction ', 'Action & Aventure ', 'Drame ', 'Animation ', 'Fantastique ']]",['https://images.justwatch.com/poster/261221131/s718/zero-kara-hajimeru-mahou-no-sho'],[' 6.8 ']
81,['2021'],[' Wonder Egg Priority '],"[[' Tomori Kusunoki ', ' Kanata Aikawa ', ' Shuka Saito ', ' Hinaki Yano ', ' Yuuya Uchida ', ' Takahashi Hiroki ']]","[['Animation ', 'Drame ', 'Science-Fiction ', 'Mystère & Thriller ']]",['https://images.justwatch.com/poster/245510218/s718/wonder-egg-priority'],[nan]
82,['2021'],[' Build Divide '],[[]],"[['Animation ', 'Action & Aventure ', 'Science-Fiction ']]",['https://images.justwatch.com/poster/251924646/s718/build-divide-code-black'],[nan]
83,['2017'],"["" Knight's & Magic ""]","[[' Rie Takahashi ', ' Shinsuke Sugawara ', ' Ayaka Ohashi ', ' Atsushi Imaruoka ', ' Hidetaka Tenjin ', ' Kazuyuki Okitsu ', ' Masaru Ikeda ', ' Natsumi Fujiwara ', ' Sayaka Ohara ', ' Sayaka Senbongi ', ' Shizuka Itoh ', ' Yasuaki Takumi ']]","[['Action & Aventure ', 'Mystère & Thriller ', 'Fantastique ', 'Animation ']]",['https://images.justwatch.com/poster/258765137/s718/knights-and-magic'],[' 7.2 ']
84,['2019'],[' Do You Love Your Mom and Her Two-Hit Multi-Target Attacks? '],"[[' Sayaka Harada ', ' Sayumi Suzushiro ', ' Satomi Arai ', ' Haruki Ishiya ', ' Ai Kayano ', ' Lynn ']]","[['Science-Fiction ', 'Animation ', 'Comédie ', 'Drame ', 'Fantastique ', 'Comédie Romantique ']]",['https://images.justwatch.com/poster/137421524/s718/okaa-san-online'],[' 5.2 ']
85,['2019'],[' ORESUKI Are you the only one who loves me? '],"[[' Daiki Yamashita ', ' Haruka Tomatsu ', ' Haruka Shiraishi ', ' Sachika Misawa ', ' Yuma Uchida ', ' Shiori Mikami ', ' Shuka Saito ', ' Nao Toyama ']]","[['Animation ', 'Comédie ', 'Drame ']]",['https://images.justwatch.com/poster/150458757/s718/ore-wo-suki-nano-wa-omae-dake-ka-yo'],[nan]
86,['2021'],[' Super Cub '],[[]],"[['Animation ', 'Drame ']]",['https://images.justwatch.com/poster/227457089/s718/super-cub'],[' 7.3 ']
87,['2020'],[' ID : Invaded '],"[[' Kenjiro Tsuda ', ' Yoshimasa Hosoya ', ' Mao Ichimichi ', ' Sarah Emi Bridcutt ', ' Manabu Muraji ', ' Takashi Kondo ', ' Shuhei Iwase ', ' Junya Enoki ', ' Fukushi Ochiai ', ' Rintaro Nishi ', ' Wataru Katoh ', ' Ryota Takeuchi ', ' Aya Endo ', ' Yume Miyamoto ', ' Miyuri Shimabukuro ', ' Chikahiro Kobayashi ', ' Ayane Sakura ']]","[['Science-Fiction ', 'Mystère & Thriller ', 'Animation ', 'Crime & Thriller ', 'Drame ']]",['https://images.justwatch.com/poster/171594912/s718/ido-invueidetsudo'],[' 7.6 (1k) ']
88,['2022'],[' Rust-Eater Bisco '],[[]],"[['Animation ', 'Action & Aventure ', 'Fantastique ', 'Science-Fiction ']]",['https://images.justwatch.com/poster/259494722/s718/sabikui-bisco'],[' 7.0 ']
89,['2012'],[' Kids on the Slope '],"[[' Yuuka Nanri ', ' Ryohei Kimura ', ' Yoshimasa Hosoya ', ' Aya Endo ', ' Junichi Suwabe ']]","[['Animation ', 'Drame ', 'Musique & Comédie Musicale ', 'Comédie Romantique ', ' Shinichiro Watanabe ']]",['https://images.justwatch.com/poster/150205300/s718/kids-on-the-slope'],[' 8.2 (3k) ']
90,['2020'],[' Our Last Crusade or the Rise of a New World '],"[[' Yusuke Kobayashi ', ' Sora Amamiya ', ' Kaori Ishihara ', ' Nao Shiraki ', ' Shunichi Toki ', ' Yumiri Hanamori ', ' Ayana Taketatsu ', ' Jun Kasama ', ' Azumi Waki ', ' Aya Hisakawa ', ' Hikaru Midorikawa ', ' Konomi Kohara ']]","[['Science-Fiction ', 'Film de guerre ']]",['https://images.justwatch.com/poster/209069952/s718/kimitopu-nozui-hou-nozhan-chang-aruihashi-jie-gashi-marusheng-zhan'],[nan]
91,['2021'],[' Irina: The Vampire Cosmonaut '],"[[' Megumi Hayashibara ', ' Koki Uchiyama ', ' Hina Kino ', ' Satoshi Hino ', ' Mikako Komatsu ', ' Takaya Hashi ', ' Masaki Terasoma ', ' Kikuko Inoue ', ' Kenichi Ogata ', ' Mao Ichimichi ', ' Hiroki Touchi ']]","[['Science-Fiction ', 'Fantastique ', 'Animation ', 'Drame ']]",['https://images.justwatch.com/poster/252714148/s718/the-moon-laika-and-nosferatu'],[' 6.7 ']
92,['2021'],"["" Vivy -Fluorite Eye's Song- ""]","[[' Atsumi Tanezaki ', ' Jun Fukuyama ']]","[['Science-Fiction ', 'Action & Aventure ', 'Drame ', 'Mystère & Thriller ', 'Animation ', 'Musique & Comédie Musicale ']]",['https://images.justwatch.com/poster/245135689/s718/vivy-fluorite-eyes-song'],[' 8.1 (3k) ']
93,['2017'],[' Love and Lies '],"[[' Ryota Osaka ', ' Yui Makino ', ' Kana Hanazawa ', ' Shinnosuke Tachibana ']]","[['Animation ', 'Drame ', 'Comédie Romantique ']]",['https://images.justwatch.com/poster/10359942/s718/love-and-lies'],[' 6.1 ']
94,['2021'],[' The Dungeon of Black Company '],"[[' Katsuyuki Konishi ', ' Misaki Kuno ', ' Hiro Shimono ', ' Satomi Sato ', ' Wataru Takagi ', ' Megumi Toda ', ' Mao Ichimichi ', ' Yoshitsugu Matsuoka ']]","[['Science-Fiction ', 'Animation ', 'Comédie ', 'Action & Aventure ', 'Fantastique ']]",['https://images.justwatch.com/poster/298559184/s718/the-dungeon-of-black-company'],[' 6.6 ']
95,['2021'],[' Scarlet Nexus '],"[[' Junya Enoki ', ' Asami Seto ', ' Tomomi Mineuchi ', ' Marika Kouno ', ' Ryota Takeuchi ', ' Chinatsu Akasaki ', ' Kengo Kawanishi ', ' Yui Horie ', ' Yumi Hara ', ' Daisuke Namikawa ', ' Yuma Uchida ', ' Asuka Nishi ']]","[['Action & Aventure ', 'Science-Fiction ', 'Animation ']]",['https://images.justwatch.com/poster/246792827/s718/scarlet-nexus'],[' 5.6 ']
96,['2018'],[' Pop Team Epic '],"[[' Shunsuke Itakura ', ' Tōru Adachi ']]","[['Animation ', 'Comédie ']]",['https://images.justwatch.com/poster/39466186/s718/pop-team-epic'],[' 6.9 ']
97,['2021'],[' The World Ends with You the Animation '],"[[' Koki Uchiyama ', ' Anna Hachimine ', ' Ayana Taketatsu ', ' Subaru Kimura ', ' Ryohei Kimura ', ' Kenji Takahashi ', ' Takayuki Fujimoto ', ' Anri Katsu ', ' Hiroshi Shirokuma ', ' Hitomi Nabatame ', ' Satomi Arai ', ' Kenjiro Tsuda ']]",[['Action & Aventure ']],['https://images.justwatch.com/poster/245294542/s718/subarashikikonosekai-the-animation'],[nan]
98,['2020'],[' Gleipnir '],"[[' Natsuki Hanae ', ' Nao Toyama ', ' Kana Hanazawa ', ' Takahiro Sakurai ', ' Miku Ito ', ' Yoshiaki Hasegawa ', ' Shizuka Ishigami ', ' Hiroki Yasumoto ', ' Kana Ichinose ', ' You Taichi ', ' Shoya Chiba ']]","[['Science-Fiction ', 'Action & Aventure ', 'Animation ', 'Fantastique ']]",['https://images.justwatch.com/poster/188550326/s718/gureipuniru'],[' 6.8 (1k) ']
99,['2022'],[' Tales of Luminaria: The Fateful Crossroad '],"[[' Miho Okasaki ', ' Ryohei Arai ', ' Kaito Takeda ']]","[['Fantastique ', 'Animation ', 'Action & Aventure ', 'Drame ']]",['https://images.justwatch.com/poster/286981507/s718/tales-of-luminaria-the-fateful-crossroad'],[' 6.4 ']
100,['2021'],[' Les combattants seront déployés ! '],"[[' Yusuke Shirai ', ' Miyu Tomita ', ' Sayaka Kikuchi ', ' Natsumi Murakami ', ' Minami Takahashi ', ' Sayumi Watabe ', ' Rina Hidaka ', ' Kaori Ishihara ']]","[['Comédie ', 'Action & Aventure ', 'Science-Fiction ', 'Fantastique ', 'Animation ']]",['https://images.justwatch.com/poster/243967570/s718/les-combattants-seront-deployes'],[' 6.7 ']
101,['2020'],[' Fugou Keiji Balance : Unlimited '],"[[' Yusuke Onuki ', ' Mamoru Miyano ', ' Rikiya Koyama ', ' Kozo Shioya ', ' Reina Ueda ', ' Junya Enoki ', ' Maaya Sakamoto ', ' Kentaro Kumagai ', ' Shinya Takahashi ', ' Akira Kamiya ', ' Kazuyuki Okitsu ']]","[['Animation ', 'Mystère & Thriller ', 'Crime & Thriller ', 'Drame ']]",['https://images.justwatch.com/poster/176119864/s718/fu-hao-xing-shi-balance-unlimited'],[' 7.3 (1k) ']
102,['2018'],[' Record of Grancrest War '],"[[' Akari Kito ', ' Kentaro Kumagai ', ' Reina Ueda ', ' Minori Suzuki ', ' Yuichi Iguchi ']]","[['Action & Aventure ', 'Animation ', 'Science-Fiction ', 'Fantastique ', 'Film de guerre ']]",['https://images.justwatch.com/poster/38915267/s718/record-of-grancrest-war'],[' 7.1 ']
103,['2022'],[' Fantasia Sango - Realm of Legends '],"[[' Kensho Ono ', ' Hisako Kanemoto ', ' Mai Nakahara ', ' Makoto Furukawa ']]","[['Science-Fiction ', 'Animation ', 'Action & Aventure ']]",['https://images.justwatch.com/poster/261399971/s718/fantasia-sango-realm-of-legends'],[nan]
104,['2022'],[' Le Requiem du Roi des Roses '],"[[' Mitsuki Saiga ', ' Hikaru Midorikawa ', ' Show Hayami ', ' Kohsuke Toriumi ', ' Yasuaki Takumi ', ' Satoshi Mikami ', ' Satoshi Hino ', ' Sayaka Ohara ', ' Kohei Amasaki ', ' Hochu Otsuka ', ' Sayumi Suzushiro ', ' Ayumi Mano ', ' Shizuka Itoh ', ' Aya Hisakawa ', ' Aoi Yuki ', ' Riho Sugiyama ']]","[['Animation ', 'Drame ', 'Action & Aventure ', 'Histoire ', 'Comédie Romantique ', 'Film de guerre ']]",['https://images.justwatch.com/poster/258324268/s718/requiem-of-the-rose-king'],[' 4.6 ']
105,['2016'],[' Kiznaiver '],"[[' Yuki Kaji ', ' Koutaro Nishiyama ', ' Rina Sato ', ' Misaki Kuno ', ' Hibiku Yamamura ', ' Yuka Terasaki ', ' Tomoaki Maeno ', ' Nobunaga Shimazaki ']]","[['Science-Fiction ', 'Animation ', 'Drame ', 'Comédie Romantique ', 'Mystère & Thriller ', ' Hiroshi Kobayashi ']]",['https://images.justwatch.com/poster/259603344/s718/kiznaiver'],[' 7.0 (1k) ']
106,['2021'],"["" The Saint's Magic Power is Omnipotent ""]","[[' Yui Ishikawa ', ' Takahiro Sakurai ', ' Takuya Eguchi ', ' Yusuke Kobayashi ', ' Taku Yashiro ', ' Yuuichirou Umehara ', ' Reina Ueda ', ' Kana Ichinose ', ' Jun Fukuyama ']]","[['Science-Fiction ', 'Action & Aventure ', 'Animation ']]",['https://images.justwatch.com/poster/245232607/s718/sheng-nu-nomo-li-hamo-neng-desu'],[nan]
107,['2021'],[' Link Click '],"[[' Su Shangqing ', ' Yang Tianxiang ', ' Shimeng Li ', ' Shuang Zhao ']]","[['Animation ', 'Fantastique ', 'Science-Fiction ', 'Action & Aventure ']]",['https://images.justwatch.com/poster/245306800/s718/shi-guang-dai-li-ren'],[' 8.6 (2k) ']
108,['2019'],[' We Never Learn '],"[[' Sayumi Suzushiro ', ' Madoka Asahina ', ' Ryota Osaka ', ' Lynn ', ' Haruka Shiraishi ', ' Miyu Tomita ']]","[['Animation ', 'Comédie ', 'Comédie Romantique ']]",['https://images.justwatch.com/poster/123865041/s718/bokutachi-wa-benkyou-ga-dekinai'],[' 7.0 ']
109,['2022'],[' She Professed Herself Pupil of the Wise Man '],"[[' Nichika Omori ', ' Ayumu Murase ', ' Minami Hinata ', ' Yui Horie ', ' Ayane Sakura ', ' Junichi Saitou ', ' Hiroki Yasumoto ', ' Yae Sakura ', ' Yuko Natsuyoshi ', ' Kanomi Izawa ', ' Isao Sasaki ']]","[['Science-Fiction ', 'Fantastique ', 'Animation ']]",['https://images.justwatch.com/poster/262346207/s718/she-professed-herself-pupil-of-the-wise-man'],[' 5.7 ']
110,['2015'],[' Tokyo Ghoul √A '],"[[' Natsuki Hanae ', ' Sora Amamiya ', ' Kana Hanazawa ', ' Ayane Sakura ', ' Kaito Ishikawa ', ' Natsumi Fujiwara ', ' Yuuya Uchida ', ' Toshiyuki Toyonaga ', ' Shintaro Asanuma ', ' Takayuki Sugo ', ' Yuichi Nakamura ', ' Sumire Morohoshi ', ' Fumiko Orikasa ', ' Mamoru Miyano ', ' Katsuyuki Konishi ', ' Toru Okawa ', ' Rintaro Nishi ', ' Yuki Kaji ', ' Rie Kugimiya ', ' Yutaka Nakano ', ' Yuji Ueda ', ' Ayahi Takagaki ', ' Chinatsu Akasaki ', ' Taishi Murata ', ' Kentaro Ito ', ' Yurie Kobori ', ' Asami Seto ', ' Maaya Sakamoto ', ' Daisuke Namikawa ', ' Kimiko Saito ']]","[['Animation ', 'Drame ', 'Action & Aventure ', 'Mystère & Thriller ', 'Horreur ', 'Fantastique ']]",['https://images.justwatch.com/poster/141957991/s718/tokyo-ghoul-a'],[' 7.6 (15k) ']
111,['2018'],[' Sword Art Online: Alicization '],[[]],[[]],['https://images.justwatch.com/poster/87406940/s718/sword-art-online-alicization-2018'],[nan]
112,['2020'],[' Magatsu Wahrheit - Zuerst '],"[[' Atsushi Abe ', ' Yuki Ono ', ' Yumiri Hanamori ', ' Yukiyo Fujii ', ' Kenjiro Tsuda ', ' Kenichirou Matsuda ', ' Junichi Yanagita ', ' Ryota Suzuki ', ' Kazuyuki Okitsu ', ' Tarusuke Shingaki ', ' Takuya Sato ', ' Taishi Murata ', ' Aya Yamane ', ' Masako Katsuki ', ' Katsuyuki Konishi ', ' Minoru Shiraishi ', ' Shinya Takahashi ', ' Maria Naganawa ', ' Tomokazu Sugita ']]","[['Science-Fiction ', 'Fantastique ', 'Animation ', 'Action & Aventure ']]",['https://images.justwatch.com/poster/215541245/s718/huo-tsuvuaruhaito-zuerst'],[' 7.0 ']
113,['2021'],[' Police in a Pod '],"[[' Erika Toda ', ' Mei Nagano ', ' Shohei Miura ', ' Yuki Yamada ', ' Nanase Nishino ', ' Tsuyoshi Muro ', ' Yusuke Hirayama ', ' Seiji Chihara ', ' Eri Tokunaga ', ' Asami Usuda ', ' Ayaka Onishi ']]","[['Comédie ', 'Drame ', 'Crime & Thriller ', ' Sugawara Shintaro ', ' Seiichi Nagumo ']]",['https://images.justwatch.com/poster/248588034/s718/police-in-a-pod'],[' 7.4 ']
114,['2017'],[' ACCA 13-Ku Kansatsu-Ka '],"[[' Hiro Shimono ', ' Aoi Yuki ', ' Kenjiro Tsuda ', ' Junichi Suwabe ', ' Koji Yusa ', ' Hikaru Midorikawa ', ' Hiroki Yasumoto ', ' Toru Okawa ']]","[['Mystère & Thriller ', 'Animation ', 'Drame ', 'Crime & Thriller ', 'Fantastique ']]",['https://images.justwatch.com/poster/241803439/s718/acca-13-ku-kansatsu-ka'],[' 7.1 ']
115,['2021'],[' Kemono Incidents '],"[[' Natsumi Fujiwara ', ' Junichi Suwabe ', ' Ayumu Murase ', ' Natsuki Hanae ']]","[['Action & Aventure ', 'Science-Fiction ', 'Animation ', 'Mystère & Thriller ']]",['https://images.justwatch.com/poster/240809976/s718/kemono-incidents'],[nan]
116,['2021'],[' Les Brigades Immunitaires - BLACK '],"[[' Junya Enoki ', ' Yoko Hikasa ', ' Kenjiro Tsuda ', ' KENN ', ' Lynn ', ' Yumi Uchiyama ', ' Narumi Takashi ', ' Yurika Kubo ', ' Hekiru Shiina ', ' Sarah Emi Bridcutt ', ' Daisuke Hirakawa ']]","[['Action & Aventure ', 'Animation ', 'Comédie ', 'Fantastique ', 'Horreur ', 'Science-Fiction ']]",['https://images.justwatch.com/poster/239573567/s718/les-brigades-immunitaires-black'],[' 7.5 ']
117,['2021'],[' The Detective is Already Dead '],"[[' Arata Nagai ', ' Saki Miyashita ', ' Ayana Taketatsu ', ' Kanon Takao ', ' Saho Shirasu ', ' Maria Naganawa ', ' Yoshitsugu Matsuoka ', ' Mai Fuchigami ', ' Takehito Koyasu ']]","[['Mystère & Thriller ', 'Animation ', 'Drame ']]",['https://images.justwatch.com/poster/247574558/s718/the-detective-is-already-dead'],[nan]
118,['2020'],[' Talentless Nana '],"[[' Rumi Okubo ', ' Hiro Shimono ', ' Yuichi Nakamura ', ' Mai Nakahara ', ' Yukina Tsutsumi ', ' Takuya Nakashima ', ' Aiko Ninomiya ', ' Tomohiro Ono ', ' Toshiki Masuda ', ' Yuki Inoue ', ' Takeo Otsuka ', ' Yoshitaka Yamaya ', ' Hiromichi Tezuka ', ' Yurie Kozakai ', ' Atsushi Tamaru ', ' Miyu Tomita ', ' Yuna Kamakura ', ' Atsushi Kosaka ', ' Koji Yusa ']]","[['Animation ', 'Science-Fiction ', 'Mystère & Thriller ']]",['https://images.justwatch.com/poster/244250528/s718/munou-na-nana'],[nan]
119,['2021'],[' Hortensia Saga '],"[[' Kenjiro Tsuda ', ' Aya Uchida ', ' Yuuichirou Umehara ', ' Reina Ueda ', ' Yui Horie ', ' Yoshimasa Hosoya ', ' Yu Kobayashi ', ' Yuka Otsubo ', ' Takehito Koyasu ', ' Shuichi Ikeda ', ' Takuya Eguchi ', ' Kazuma Horie ', ' Tetsuya Kakihara ', ' Kenji Nomura ']]","[['Mystère & Thriller ', 'Action & Aventure ', 'Science-Fiction ', 'Animation ', 'Fantastique ']]",['https://images.justwatch.com/poster/240278469/s718/hortensia-saga'],[' 5.5 ']
120,['2018'],[' Uchuu Senkan Tiramisu '],"[[' Kaito Ishikawa ', ' Takuya Eguchi ', ' Junichi Suwabe ', ' Takahiro Sakurai ']]","[['Animation ', 'Science-Fiction ', 'Comédie ', ' Hiroshi Ikehata ']]",['https://images.justwatch.com/poster/53791660/s718/uchuu-senkan-tiramisu'],[' 6.4 ']
121,['2020'],[' Wandering Witch: The Journey of Elaina '],"[[' Kaede Hondo ', ' Kana Hanazawa ', ' Tomoyo Kurosawa ', ' Miho Okasaki ', ' Konomi Kohara ', ' Yoko Hikasa ']]","[['Science-Fiction ', 'Action & Aventure ', 'Fantastique ', 'Animation ']]",['https://images.justwatch.com/poster/209477756/s718/majo-no-tabitabi'],[' 6.9 ']
122,['2021'],[' Kageki Shoujo!! '],"[[' Sayaka Senbongi ', ' Yumiri Hanamori ', ' Sumire Uesaka ', ' You Taichi ', ' Rico Sasaki ', ' Risae Matsuda ', ' Satsumi Matsuda ', ' Kana Hanazawa ', ' Mikako Komatsu ', ' Yuka Terasaki ', ' Junichi Suwabe ', ' Kenji Nojima ', ' Hiroki Nanami ', ' Kengo Takanashi ', ' Takehito Koyasu ']]","[['Animation ', 'Drame ']]",['https://images.justwatch.com/poster/247575887/s718/kageki-shoujo'],[nan]
123,['2020'],[' Tamayomi '],"[[' Ruriko Noguchi ', ' Kitagawa Rina ', ' Satomi Amano ', ' Nao Shiraki ', ' Rina Honnizumi ', ' Kaori Maeda ', ' Haruka Yoshimura ', ' Airi Eino ', ' Yume Miyamoto ', ' Miyu Tomita ', ' Marie Hashimoto ', ' Maaya Uchida ', ' Maki Kawase ', ' Anzu Haruno ']]","[['Animation ', 'Sport & Fitness ', ' Riki Fukushima ']]",['https://images.justwatch.com/poster/175831820/s718/qiu-yong'],[' 6.5 ']
124,['2021'],[' Gyakuten Sekai no Denchi Shoujo '],"[[' Seiichiro Yamashita ', ' Fairouz Ai ', ' Aina Suzuki ', ' Shiori Izawa ', ' Takamitsu Fukuchi ', ' Takuma Terashima ', ' Rina Hidaka ', ' Yukiyo Fujii ', ' Shino Shimoji ', ' Tomokazu Sugita ', ' Aki Toyosaki ', ' Kenichirou Matsuda ', ' Takahiro Mizushima ', ' Shota Hayama ', ' Hayato Kaneko ']]","[['Science-Fiction ', 'Action & Aventure ', 'Animation ']]",['https://images.justwatch.com/poster/257524739/s718/rumble-garanndoll'],[' 5.7 ']
125,['2018'],[' Yûna de la Pension Yuragi '],"[[' Yuki Ono ', ' Miyuri Shimabukuro ', ' Rie Takahashi ', ' Ai Kakuma ', ' Yui Ogura ', ' Eri Suzuki ', ' Sayaka Harada ', ' Anzu Haruno ', ' Mikako Komatsu ']]","[['Action & Aventure ', 'Science-Fiction ', 'Comédie Romantique ', 'Animation ', 'Comédie ', 'Fantastique ']]",['https://images.justwatch.com/poster/184895145/s718/yuna-de-la-pension-yuragi'],[' 6.7 ']
126,['2020'],[' Magia Record: Puella Magi Madoka Magica Side Story '],[[]],"[['Science-Fiction ', 'Drame ']]",['https://images.justwatch.com/poster/249307245/s718/magia-record-mahou-shoujo-madoka-magica-gaiden'],[nan]
127,['2020'],[' Appare-Ranman ! '],"[[' Natsuki Hanae ', ' Fumiko Orikasa ', ' Aoi Yuki ', ' Soma Saito ', ' Sora Amamiya ', ' Seiichiro Yamashita ', ' Takahiro Sakurai ', ' Kazuyuki Okitsu ', ' Tomokazu Sugita ', ' Daisuke Ono ', ' Tetsu Inada ', ' Kenjiro Tsuda ']]","[['Animation ', 'Action & Aventure ']]",['https://images.justwatch.com/poster/176467145/s718/appare-ranman'],[' 6.8 ']
128,['2017'],[' Granblue Fantasy The Animation '],"[[' Yuki Ono ', ' Miyuki Sawashiro ', ' Nao Toyama ', ' Rie Tanaka ', ' Emiri Kato ', ' Keiji Fujiwara ', ' Hisako Kanemoto ', ' Yukari Tamura ', ' Hiroaki Hirata ']]","[['Action & Aventure ', 'Animation ', 'Science-Fiction ', 'Fantastique ']]",['https://images.justwatch.com/poster/212513448/s718/granblue-fantasy-the-animation'],[' 6.3 ']
129,['2017'],[' King’s Game The Animation '],"[[' Mamoru Miyano ', ' Mao Ichimichi ']]","[['Drame ', 'Animation ', 'Horreur ']]",['https://images.justwatch.com/poster/220746393/s718/kings-game-the-animation'],[' 5.0 ']
130,['2020'],[' Ishuzoku Reviewers '],"[[' Karin Isobe ', ' Yuri Katou ', ' Kyo Yaoya ', ' Junji Majima ', ' Yusuke Kobayashi ', ' Miyu Tomita ', ' Kaede Yuasa ', ' Mao Ichimichi ', ' Momoyo Koyama ', ' Mari Hino ', ' Rei Matsuzaki ', ' Yoko Hikasa ', ' Yuka Nukui ', ' Makoto Koichi ', ' Shiori Izawa ', ' Takako Tanaka ', ' Natsumi Takamori ']]","[['Science-Fiction ', 'Animation ', 'Action & Aventure ', 'Comédie ', 'Fantastique ', 'Comédie Romantique ']]",['https://images.justwatch.com/poster/296155930/s718/yi-zhong-zu-rebiyuazu'],[' 7.4 (1k) ']
131,['2020'],[' Kakushigoto '],"[[' Hiroshi Kamiya ', ' Rie Takahashi ', ' Kiyono Yasuno ', ' Taku Yashiro ', ' Ayane Sakura ', ' Ayumu Murase ', ' Natsuki Hanae ', ' Rikiya Koyama ', ' Manami Numakura ', ' Ari Ozawa ', ' Kaede Hondo ', ' Azumi Waki ', ' Maaya Uchida ', ' Emiri Kato ', ' Daisuke Namikawa ', ' Rikako Aida ', ' Shiho Kokido ', ' Yumi Hara ']]","[['Animation ', 'Comédie ', 'Drame ']]",['https://images.justwatch.com/poster/176388261/s718/kakushigoto'],[' 7.4 ']
132,['2021'],"["" Ancient Girl's Frame ""]","[[' Rie Takahashi ', ' Aya Suzaki ', ' Hiromi Igarashi ', ' Kaori Ishihara ', ' Arisa Nakada ', ' Ayana Taketatsu ']]",[['Science-Fiction ']],['https://images.justwatch.com/poster/264624758/s718/ancient-girls-frame'],[nan]
133,['2021'],[' Blue Reflection Ray '],[[]],"[['Animation ', 'Action & Aventure ', 'Drame ', 'Fantastique ']]",['https://images.justwatch.com/poster/244007074/s718/blue-reflection-ray'],[' 5.5 ']
134,['2022'],"["" Akebi's Sailor Uniform ""]","[[' Manatsu Murakami ', ' Sora Amamiya ', ' Akari Kito ', ' Shion Wakayama ', ' Akira Sekine ', ' Shizuka Ishigami ', ' Yui Ishikawa ', ' Momo Asakura ', ' Azusa Tadokoro ', ' Miku Ito ', ' Mariya Ise ', ' Shiori Mikami ', ' Mitsuho Kambe ', ' Kaede Hondo ', ' Haruka Shiraishi ', ' Konomi Kohara ', ' Kana Hanazawa ', ' Misaki Kuno ', ' Satoshi Mikami ', ' Shuka Saito ']]","[['Animation ', 'Comédie ', 'Drame ']]",['https://images.justwatch.com/poster/286886532/s718/akebis-sailor-uniform'],[' 7.3 ']
135,['2022'],[' Heike Monogatari '],"[[' Aoi Yuki ', ' Takahiro Sakurai ', ' Tessyo Genda ', ' Saori Hayami ', ' Shigeru Chiba ', ' Kikuko Inoue ', ' Miyu Irino ', ' Yumiko Kobayashi ', ' Nobuhiko Okamoto ', ' Natsuki Hanae ', ' Ayumu Murase ', ' Koutaro Nishiyama ', ' Nobuyuki Hiyama ', ' Subaru Kimura ', ' Yu Miyazaki ', ' Inori Minase ', ' Tomokazu Sugita ']]","[['Science-Fiction ', 'Animation ', 'Drame ', 'Histoire ', 'Film de guerre ']]",['https://images.justwatch.com/poster/251233864/s718/the-heike-story'],[' 7.5 ']
136,['2018'],[' SSSS.Gridman '],"[[' Hikaru Midorikawa ', ' Yuya Hirose ', ' Reina Ueda ', ' Yume Miyamoto ', ' Soma Saito ', ' Tetsu Inada ', ' Kenichi Suzumura ', ' Aoi Yuki ', ' Akari Kito ', ' Katsuyuki Konishi ', ' Suzuko Mimori ', ' Mayumi Shintani ', ' Ryosuke Takahashi ', ' Masaya Matsukaze ']]","[['Animation ', 'Action & Aventure ', 'Science-Fiction ']]",['https://images.justwatch.com/poster/257447845/s718/ssss-gridman'],[' 7.0 ']
137,['2017'],[' Fate/Grand Order x Koorimuro no Tenchi : 7-nin no Saikyou Ijin Hen '],"[[' Rie Takahashi ', ' Nobunaga Shimazaki ', ' Tetsu Inada ', ' Ayako Kawasumi ', ' Yu Kobayashi ', ' Shin-ichiro Miki ', ' Tomokazu Seki ', ' Maaya Sakamoto ', ' Takahiro Sakurai ', ' Yuu Asakawa ', ' Kana Ueda ']]","[['Fantastique ', 'Histoire ', 'Animation ', 'Action & Aventure ', 'Drame ', 'Science-Fiction ']]",['https://images.justwatch.com/poster/202525537/s718/fate-grand-order-zettai-majuu-sensen-babylonia'],[' 7.3 ']
138,['2019'],[' Fairy Gone '],"[[' Tomoaki Maeno ', ' Kana Ichinose ', ' Ayaka Fukuhara ', ' Yoshimasa Hosoya ']]","[['Science-Fiction ', 'Action & Aventure ', 'Fantastique ', 'Animation ']]",['https://images.justwatch.com/poster/123891238/s718/fairy-gone'],[' 5.8 ']
139,['2020'],[' Majutsushi Orphen Hagure Tabi '],[[]],"[['Animation ', 'Drame ', 'Fantastique ', 'Action & Aventure ']]",['https://images.justwatch.com/poster/165051340/s718/majutsushi-orphen-hagure-tabi'],[' 5.6 ']
140,['2020'],[' Ikebukuro West Gate Park '],"[[' Kentaro Kumagai ', ' Koki Uchiyama ', ' Reiou Tsuchida ', ' Subaru Kimura ', ' Natsuki Hanae ', ' Chiaki Kobayashi ', ' Ayumu Murase ', ' Tarusuke Shingaki ', ' Kensho Ono ', ' Ryohei Kimura ', ' Junichi Suwabe ', ' Kenjiro Tsuda ', ' Takahiro Sakurai ', ' Nobuyuki Hiyama ', ' Yuko Kaida ']]","[['Drame ', 'Animation ', 'Mystère & Thriller ', 'Comédie Romantique ']]",['https://images.justwatch.com/poster/208668572/s718/ikebukuro-west-gate-park'],[' 6.5 ']
141,['2021'],[' Jaku-Chara Tomozaki-kun '],"[[' Gen Sato ', ' Hisako Kanemoto ', ' Ikumi Hasegawa ', ' Ai Kayano ', ' Ryoko Maekawa ', ' Nene Hieda ', ' Nobunaga Shimazaki ', ' Nobuhiko Okamoto ', ' Shuntarou Mizuno ']]","[['Comédie ', 'Drame ', 'Animation ', 'Comédie Romantique ']]",['https://images.justwatch.com/poster/249327795/s718/jaku-chara-tomozaki-kun'],[' 7.0 ']
142,['2021'],[' Jeune dragon recherche appartement ou donjon '],"[[' Shun Horie ', ' Kaito Ishikawa ', ' Shiori Izawa ', ' Misato Fukuen ', ' Mao Ichimichi ', ' Takashi Kondo ', ' Koutaro Nishiyama ', ' Daisuke Hirakawa ', ' Chiaki Takahashi ', ' Kento Itou ']]",[['Science-Fiction ']],['https://images.justwatch.com/poster/244016282/s718/jeune-dragon-recherche-appartement-ou-donjon'],[nan]
143,['2021'],[' Muteking the Dancing Hero '],"[[' Kentarou Mashiro ', ' Keiga ', ' Takuya Eguchi ', ' Satoshi Hino ', ' Rie Takahashi ', ' Madoka Yonezawa ', ' Azusa Tadokoro ', ' Rikako Aikawa ', ' Kazuyuki Okitsu ', ' Hayato Kimura ', ' Minami Tanaka ', ' Koutaro Nishiyama ', ' KENN ', ' Yutaka Aoyama ', ' Wataru Hatano ', ' Kenichi Suzumura ', ' Takashi Matsuyama ']]","[['Science-Fiction ', 'Animation ', 'Comédie ', 'Comédie Romantique ']]",['https://images.justwatch.com/poster/252679471/s718/muteking-the-dancing-hero'],[' 5.8 ']
144,['2020'],[' Sleepy Princess in the Demon Castle '],"[[' Inori Minase ', ' Kaito Ishikawa ', ' Yoshitsugu Matsuoka ', ' Hiro Shimono ', ' Rikiya Koyama ', ' Kouichi Souma ', ' Junichi Suwabe ', ' Shinya Takahashi ', ' Chikahiro Kobayashi ', ' Sayaka Ohara ', ' Ayane Sakura ', ' Takeo Otsuka ', ' Masashi Yamane ', ' Takaya Kuroda ', ' Sayaka Ohara ', ' Shin-ichiro Miki ', ' Kisho Taniyama ']]","[['Animation ', 'Comédie ', 'Science-Fiction ']]",['https://images.justwatch.com/poster/241207617/s718/maoujou-de-oyasumi'],[nan]
145,['2017'],[' BLEND-S '],"[[' Azumi Waki ', ' Akari Kito ', ' Anzu Haruno ', ' Tomoaki Maeno ', ' Tatsuhisa Suzuki ', ' Atsumi Tanezaki ', ' Sora Tokui ']]","[['Drame ', 'Animation ', 'Comédie ', 'Comédie Romantique ', ' Ryoji Masuyama ']]",['https://images.justwatch.com/poster/24728223/s718/blend-s'],[' 6.9 (1k) ']
146,['2021'],[' Selection Project '],"[[' Hinaki Yano ', ' Saku Mizuno ', ' Ruri Arai ', ' Mizuna Shirakawa ', ' Shino Shimoji ', ' Hina Yomiya ', ' Miharu Hanai ', ' Yuka Iwahashi ', ' Nozomi Nagumi ', ' Daisuke Ono ', ' Saori Hayami ', ' Saori Onishi ']]","[['Comédie ', 'Drame ', 'Musique & Comédie Musicale ', 'Animation ']]",['https://images.justwatch.com/poster/248542299/s718/selection-project'],[' 7.7 ']
147,['2021'],[' Tesla Note '],"[[' Konomi Kohara ', ' Tatsuhisa Suzuki ', ' Tomoaki Maeno ', ' Junichi Suwabe ', ' Hiroshi Kamiya ', ' Kazuya Nakai ', ' Mugihito ', ' Hidenobu Kiuchi ', ' Shizuka Itoh ', ' Akira Ishida ', ' Takaya Kuroda ']]","[['Animation ', 'Action & Aventure ', 'Science-Fiction ']]",['https://images.justwatch.com/poster/252681067/s718/tesuranoto'],[' 5.6 ']
148,['2020'],[' Bungou to Alchemist ~Shinpan no Haguruma~ '],"[[' Yuuki Tai ', ' Junichi Suwabe ', ' Nobuhiko Okamoto ', ' Kouji Takahashi ']]","[['Science-Fiction ', 'Fantastique ', 'Animation ', 'Action & Aventure ']]",['https://images.justwatch.com/poster/194856310/s718/wen-hao-toarukemisuto-shen-pan-nochi-che'],[' 6.8 ']
149,['2020'],[' Arte '],"[[' Mikako Komatsu ', ' Katsuyuki Konishi ', ' Junya Enoki ', ' Sayaka Ohara ', ' Kiyono Yasuno ', ' Yousuke Akimoto ', ' Kohsuke Toriumi ', ' Mao Ichimichi ', ' Rie Tanaka ', ' Haruka Tomatsu ']]","[['Animation ', 'Drame ', 'Comédie Romantique ']]",['https://images.justwatch.com/poster/176913509/s718/arute'],[' 6.9 ']
150,['2020'],[' Adachi to Shimamura '],"[[' Akari Kito ', ' Miku Ito ', ' Manami Numakura ', ' Reina Ueda ', ' Iori Saeki ']]","[['Drame ', 'Animation ', 'Comédie Romantique ']]",['https://images.justwatch.com/poster/210329638/s718/adachi-and-shimamura'],[' 7.1 ']
151,['2021'],[' Mars Red '],"[[' Tasuku Hatanaka ', ' Junichi Suwabe ', ' Koichi Yamadera ', ' Akira Ishida ', ' Hiroshi Yanaka ', ' Kenichi Suzumura ', ' Makoto Furukawa ', ' Fumiko Orikasa ', ' Sachi Kokuryu ', ' Ayahi Takagaki ', ' Miyuki Sawashiro ']]",[['Science-Fiction ']],['https://images.justwatch.com/poster/245294290/s718/mars-red'],[nan]
152,['2020'],[' Nanabun no Nijyuuni '],"[[' Sally Amaki ', ' Mizuha Kuraoka ', ' Kanae Shirosawa ', ' Uta Kawase ', ' Chiharu Hokaze ', ' Reina Miyase ', ' Nagomi Saijo ', ' Ruri Umino ']]","[['Animation ', 'Musique & Comédie Musicale ', 'Drame ']]",['https://images.justwatch.com/poster/164961181/s718/22-7'],[' 6.7 ']
153,['2020'],[' Deca-Dence '],"[[' Mei Shibata ', ' Tomori Kusunoki ', ' Katsuyuki Konishi ', ' Eiji Takeuchi ', ' Yoshino Aoyama ', ' Kohsuke Toriumi ', ' Eri Kitamura ', ' Takehito Koyasu ']]","[['Action & Aventure ', 'Science-Fiction ', 'Animation ']]",['https://images.justwatch.com/poster/197307564/s718/deca-dence'],[' 7.0 (1k) ']
154,['2019'],[' Boogiepop wa Warawanai '],"[[' Aoi Yuki ', ' Saori Onishi ', ' Chiaki Kobayashi ', ' Yuji Murai ', ' Sayaka Kinoshita ', ' Shuhei Sakaguchi ', ' Minami Tsuda ', ' Junya Enoki ', ' Shinji Kawada ', ' Ayaka Suwa ', ' Ami Naito ', ' Atsushi Miyauchi ', ' Reina Kondo ', ' Shino Shimoji ', ' Riho Sugiyama ', ' Ai Kakuma ', ' Ayana Taketatsu ', ' Aoi Ichikawa ', ' Kouki Miyata ', ' Ryota Takeuchi ', ' Chinatsu Akasaki ', ' Toru Okawa ']]","[['Mystère & Thriller ', 'Drame ', 'Animation ', 'Horreur ']]",['https://images.justwatch.com/poster/101160375/s718/boogiepop-wa-warawanai'],[' 6.4 ']
155,['2020'],[' Hypnosis Mic -Division Rap Battle- Rhyme Anima '],"[[' Yukihiro Nozuyama ', ' Soma Saito ', ' Yusuke Shirai ', ' Shintaro Asanuma ', ' Yu Kobayashi ', ' Show Hayami ', ' Chiaki Takahashi ', ' Subaru Kimura ', ' Kohei Amasaki ', ' Haruki Ishiya ', ' Kent Itou ', ' Ryuichi Kijima ', ' Wataru Komada ', ' Shinichiro Kamio ']]",[['Animation ']],['https://images.justwatch.com/poster/208841358/s718/hipunoshisumaiku-division-rap-battle-rhyme-anima'],[nan]
156,['2020'],[' Warlords of Sigrdrifa '],"[[' Sayaka Kikuchi ', ' Mafia Kajita ', ' Nene Hieda ', ' Hibiku Yamamura ', ' Mao Ichimichi ', ' Ai Kayano ', ' Mikako Komatsu ', ' Yui Horie ', ' Sumire Uesaka ', ' Hitomi Ueda ', ' Rina Hidaka ', ' Hiroaki Hirata ', ' Tomokazu Sugita ', ' Shigeru Chiba ', ' Yuichi Nakamura ', ' Akira Kamiya ', ' Yumiri Hanamori ', ' Marina Inoue ', ' Mayu Sagara ', ' Kanon Takao ']]","[['Mystère & Thriller ', 'Action & Aventure ', 'Animation ', 'Drame ']]",['https://images.justwatch.com/poster/208617997/s718/zhan-yi-noshigurudorivua'],[nan]
157,['2020'],"["" King's Raid : Ishi wo Tsugu Mono-tachi ""]","[[' Kaito Ishikawa ', ' Ai Kakuma ', ' Ari Ozawa ', ' Kengo Kawanishi ', ' Ryota Suzuki ', ' Yoshino Nanjo ', ' Juri Nagatsuma ', ' Masaya Matsukaze ', ' Ryotaro Okiayu ', ' Yuuki Takada ', ' Takuma Terashima ', ' Sakura Nakamura ', ' Mitsuki Nakae ', ' Mika Kanda ', ' Shun Horie ', ' Emi Hirayama ', ' Kentaro Ito ', ' Moe Toyota ', ' Takako Tanaka ', ' Riho Iida ']]","[['Animation ', 'Action & Aventure ', 'Science-Fiction ', 'Fantastique ']]",['https://images.justwatch.com/poster/209069047/s718/kings-raid-ishi-wo-tsugu-mono-tachi'],[' 5.9 ']
158,['2020'],[' The Day I Became a God '],"[[' Natsuki Hanae ', ' Ayane Sakura ', ' Yuuki Kuwahara ', ' Yui Ishikawa ', ' Ryohei Kimura ', ' Chiharu Shigematsu ', ' Kikuko Inoue ', ' Ryoka Yuzuki ', ' Yu Shimamura ', ' Tarusuke Shingaki ', ' Kenichirou Matsuda ', ' Haruka Terui ']]",[['Science-Fiction ']],['https://images.justwatch.com/poster/208660492/s718/shen-yang-ninatsutari'],[nan]
159,['2011'],[' Un drôle de père '],"[[' Hiroshi Tsuchida ', ' Ayu Matsuura ']]","[['Drame ', 'Animation ', 'Comédie ']]",['https://images.justwatch.com/poster/130095313/s718/un-drole-de-pere'],[' 8.3 (3k) ']
160,['2020'],[' The Gymnastics Samurai '],"[[' Daisuke Namikawa ', ' Rina Honnizumi ', ' Kensho Ono ', ' Kenyu Horiuchi ', ' Yuki Kaji ', ' Atsuko Tanaka ', ' Kappei Yamaguchi ']]","[['Drame ', 'Animation ', 'Sport & Fitness ']]",['https://images.justwatch.com/poster/253937897/s718/taiso-samurai'],[' 7.1 ']
161,['2021'],[' Taisho Maiden Fairytale '],"[[' Yusuke Kobayashi ', ' Saya Aizawa ', ' Yume Miyamoto ', ' Chika Anzai ', ' Ayasa Ito ', ' Shunichi Toki ']]","[['Drame ', 'Comédie ']]",['https://images.justwatch.com/poster/251937454/s718/taisho-otome-otogi-banashi'],[nan]
162,['2017'],[' Vanishing Line '],"[[' Tomokazu Seki ', ' Rie Kugimiya ']]","[['Science-Fiction ', 'Action & Aventure ', 'Drame ', 'Fantastique ', 'Horreur ', 'Mystère & Thriller ', 'Animation ']]",['https://images.justwatch.com/poster/253938502/s718/vanishing-line'],[' 6.9 ']
163,['2019'],[' Hataage ! Kemono Michi '],"[[' Katsuyuki Konishi ', ' Yuki Yagi ', ' Akira Sekine ', ' Arisa Sakuraba ', ' Rie Suegara ', ' Tetsu Inada ', ' Kenichirou Matsuda ', ' Taketora ']]","[['Comédie ', 'Science-Fiction ', 'Animation ', 'Action & Aventure ']]",['https://images.justwatch.com/poster/171329677/s718/hataage-kemono-michi'],[nan]
164,['2020'],[' Assault Lily Bouquet '],"[[' Hikaru Akao ', ' Mikako Izawa ', ' Rimi Nishimoto ', ' Haruki Iwata ', ' Karin Takahashi ', ' Yuko Natsuyoshi ', ' Risa Tsumugi ', ' Hikaru Tohno ', ' Sana Hoshimori ', ' Rie Takahashi ', ' Minami Tsuda ', ' Sayaka Harada ', ' Juri Nagatsuma ', ' Rika Tachibana ']]","[['Animation ', 'Action & Aventure ', 'Science-Fiction ', 'Fantastique ']]",['https://images.justwatch.com/poster/253936135/s718/assault-lily-bouquet'],[' 6.3 ']
165,['2020'],[' Asteroid in Love '],"[[' Maria Sashide ', ' Tomoyo Takayanagi ', ' Megumi Yamaguchi ', ' Sumire Uesaka ', ' Nao Toyama ']]","[['Comédie ', 'Animation ', 'Drame ']]",['https://images.justwatch.com/poster/164036395/s718/asteroid-in-love'],[' 6.8 ']
166,['2020'],[' Infinite Dendrogram '],"[[' Yuko Ono ', ' Soma Saito ', ' Yuuki Takada ', ' Yui Ogura ', ' Yoko Hikasa ', ' Makoto Koichi ', ' Ayumu Murase ', ' Satoshi Hino ', ' Natsumi Haruse ', ' Aoi Yuki ', ' Nao Toyama ', ' Shiori Izawa ']]","[['Action & Aventure ', 'Comédie ', 'Fantastique ', 'Science-Fiction ', 'Animation ']]",['https://images.justwatch.com/poster/152974539/s718/infinite-dendrogram'],[' 6.1 ']
167,['2011'],[' Cardfight!! Vanguard '],"[[' Masahiro Ito ', ' Shouta Aoi ', ' Yuki Ono ', ' Yuma Uchida ', ' Amane Shindō ', ' Hikaru Tohno ', ' Shuta Morishima ', ' Yuki Nakashima ']]","[['Action & Aventure ', 'Animation ', 'Comédie ', 'Fantastique ', 'Science-Fiction ']]",['https://images.justwatch.com/poster/202631842/s718/cardfight-vanguard'],[' 5.8 ']
168,['2019'],[' Magical Girl Spec Ops Asuka '],"[[' Eriko Matsui ', ' Akira Sekine ', ' Aya Suzaki ', ' Chinami Hashimoto ', ' Yoko Hikasa ', ' Rie Takahashi ', ' Mao Ichimichi ', ' Ayana Taketatsu ', ' Kokoro Kikuchi ', ' Kenji Nomura ']]","[['Action & Aventure ', 'Drame ', 'Animation ', 'Science-Fiction ', 'Fantastique ']]",['https://images.justwatch.com/poster/248781576/s718/magical-girl-spec-ops-asuka'],[' 6.5 ']
169,['2019'],[' RobiHachi '],"[[' Kazuya Nakai ', ' Keisuke Koumoto ', ' Tomokazu Sugita ']]","[['Science-Fiction ', 'Comédie ', 'Animation ']]",['https://images.justwatch.com/poster/253938883/s718/robihachi'],[' 5.8 ']
170,['2019'],"["" W'Z ""]","[[' Katsumi Fukuhara ', ' Akane Fujita ']]","[['Action & Aventure ', 'Animation ']]",['https://images.justwatch.com/poster/227664423/s718/wz'],[' 6.7 ']
171,['2022'],[' Slow Loop '],"[[' Rin Kusumi ', ' Natsumi Hioka ', ' Tomomi Mineuchi ', ' Kaori Nazuka ', ' Natsumi Murakami ', ' Honoka Inoue ', ' Nao Toyama ', ' Kiyono Yasuno ']]","[['Comédie ', 'Animation ', 'Sport & Fitness ']]",['https://images.justwatch.com/poster/259487195/s718/slow-loop'],[' 7.0 ']
172,['2021'],[' SSSS.DYNAZENON '],"[[' Junya Enoki ', ' Chika Anzai ', ' Daiki Hamano ', ' Shion Wakayama ', ' Yuuichirou Umehara ', ' Jin Ogasawara ', ' Mariya Ise ', ' Hiroshi Kamiya ', ' Hikaru Tohno ', ' Azusa Tadokoro ', ' Ayaka Suwa ', ' Gakuto Kajiwara ', ' Yuma Uchida ', ' Rio Tsuchiya ', ' Koki Uchiyama ']]","[['Action & Aventure ', 'Science-Fiction ']]",['https://images.justwatch.com/poster/245122070/s718/ssss-dynazenon'],[nan]
173,['2021'],[' Pretty Boy Detective Club '],"[[' Ayumu Murase ', ' Taito Ban ', ' Toshiki Masuda ', ' Shogo Yano ', ' Gen Sato ', ' Maaya Sakamoto ', ' Hiroki Nanami ', ' Kohsuke Toriumi ']]","[['Comédie ', 'Animation ']]",['https://images.justwatch.com/poster/244013096/s718/pretty-boy-detective-club'],[' 6.5 ']
174,['2020'],[' Shironeko Project : Zero Chronicle '],"[[' Yuki Kaji ', ' Yui Horie ', ' Takuya Iwabata ', ' Kensuke Matsui ', ' Una Nagisa ', ' Shōgo Batori ', ' Chise Nakamura ', ' Katsuyuki Miura ', ' Atsuyoshi Miyazaki ', ' Kengo Takanashi ', ' Susumu Akagi ', ' Shozo Iizuka ']]","[['Action & Aventure ', 'Science-Fiction ', 'Animation ']]",['https://images.justwatch.com/poster/175882071/s718/bai-mao-puroziekutozero-chronicle'],[nan]
175,['2021'],[' Back Arrow '],"[[' Yuki Kaji ', ' Anna Nagase ', ' Aya Suzaki ', ' Ari Ozawa ', ' Kensho Ono ', ' Ryotaro Okiayu ', ' Tomokazu Sugita ', ' Tomokazu Seki ', ' Megumi Han ', ' Ami Koshimizu ', ' Mikako Komatsu ', ' Kunihiro Kawamoto ', ' Reina Ueda ', ' Sara Matsumoto ', ' Maria Naganawa ', ' Kenyu Horiuchi ', ' Kenta Miyake ', ' Tetsu Inada ', ' Nobuyuki Hiyama ', ' Yasuhiro Mamiya ', ' Koichi Tochika ', ' Riki Kitazawa ']]","[['Action & Aventure ', 'Science-Fiction ', 'Animation ', 'Fantastique ']]",['https://images.justwatch.com/poster/261396073/s718/back-arrow'],[' 6.1 ']
176,['2019'],[' Africa no Salaryman '],"[[' Hiro Shimono ', ' Hina Kino ', ' Akira Ishida ', ' Eri Kitamura ', ' Kenjiro Tsuda ', ' Akio Otsuka ', ' Yui Ogura ']]","[['Animation ', 'Comédie ']]",['https://images.justwatch.com/poster/168722230/s718/africa-no-salaryman'],[' 6.4 ']
177,['2020'],[' Listeners '],"[[' Rie Takahashi ', ' Ayumu Murase ', ' Koichi Yamadera ', ' Nana Mizuki ', ' Junichi Suwabe ', ' Sayaka Ohara ', ' Yoko Hikasa ', ' Rie Kugimiya ', ' Taku Yashiro ', ' Yuto Uemura ', ' Jun Fukuyama ', ' Kana Hanazawa ', ' Reina Ueda ', ' Banjo Ginga ', ' Hiro Shimono ', ' Atsuko Tanaka ', ' Yoko Honna ', ' Yukana ', ' Shigeru Chiba ', ' Tomoyo Kurosawa ', ' Rina Sato ', ' Miyuri Shimabukuro ', ' Yuichi Nakamura ', ' Hochu Otsuka ', ' Cho ']]","[['Science-Fiction ', 'Action & Aventure ', 'Animation ', 'Musique & Comédie Musicale ', ' Hiroaki Ando ']]",['https://images.justwatch.com/poster/174647286/s718/listeners'],[' 5.2 ']
178,['2020'],[' Tama et ses amis '],"[[' Yuma Uchida ', ' Tomoyo Kurosawa ', ' Tomoaki Maeno ', ' Yuki Kaji ', ' Wataru Hatano ', ' Yuuichirou Umehara ', ' Kensho Ono ', ' Yusuke Shirai ', ' Soma Saito ', ' Kana Hanazawa ']]",[['Animation ']],['https://images.justwatch.com/poster/240057776/s718/uchitama-uchi-no-tama-shirimasen-ka'],[' 6.6 ']
179,['2021'],[' Deep Insanity: The Lost Child '],"[[' Hiro Shimono ', ' Ami Koshimizu ', ' Kohsuke Toriumi ', ' Yuya Hirose ', ' Ruriko Noguchi ', ' Kaede Hondo ', ' Takako Tanaka ']]","[['Science-Fiction ', 'Action & Aventure ', 'Animation ']]",['https://images.justwatch.com/poster/253353556/s718/deep-insanity-the-lost-child'],[' 5.3 ']
180,['2017'],[' BanG Dream ! '],"[[' Aimi ', ' Ayaka Ohashi ', ' Ayasa Ito ', ' Rimi Nishimoto ', ' Sae Otsuka ']]","[['Animation ', 'Comédie ', 'Pour enfants ', 'Drame ', 'Musique & Comédie Musicale ']]",['https://images.justwatch.com/poster/141830723/s718/bang-dream'],[' 6.7 ']
181,['2019'],[' Phantasy Star Online 2: Episode Oracle '],[[]],"[['Fantastique ', 'Science-Fiction ', 'Animation ', 'Action & Aventure ']]",['https://images.justwatch.com/poster/145562932/s718/phantasy-star-online-2-episode-oracle'],[' 6.7 ']
182,['2019'],[' Stand My Heroes : Piece of Truth '],"[[' Misato Murai ', ' Natsuki Hanae ', ' Yuki Kaji ', ' Tomokazu Sugita ', ' Daisuke Namikawa ', ' Tomoaki Maeno ', ' Kohsuke Toriumi ', ' Tomohito Takatsuka ']]",[['Animation ']],['https://images.justwatch.com/poster/173368839/s718/stand-my-heroes-piece-of-truth'],[' 7.0 ']
183,['2020'],"[' Shachou, Battle no Jikan Desu! ']","[[' Sumire Uesaka ', ' Azumi Waki ', ' Yui Horie ', ' Yoshino Aoyama ', ' Shun Horie ', ' Kana Ichinose ', ' Taku Yashiro ']]","[['Action & Aventure ', 'Science-Fiction ', 'Animation ']]",['https://images.justwatch.com/poster/175746591/s718/she-chang-batorunoshi-jian-desu'],[' 6.0 ']
184,['2020'],[' Kuma Kuma Kuma Bear '],"[[' Maki Kawase ', ' Azumi Waki ', ' Miyu Tomita ', ' Satomi Amano ', ' Rina Hidaka ', ' Koji Yusa ', ' Yuuko Kurose ', ' Inori Minase ', ' Satoshi Tsuruoka ', ' Emi Miyajima ']]","[['Action & Aventure ', 'Science-Fiction ', 'Animation ', 'Comédie ']]",['https://images.justwatch.com/poster/253938741/s718/kuma-kuma-xiong-bea'],[nan]
185,['2018'],[' Muhyo to Rouji no Mahouritsu Soudan Jimusho '],"[[' Ayumu Murase ', ' Yuu Hayashi ']]","[['Action & Aventure ', 'Animation ', 'Comédie ']]",['https://images.justwatch.com/poster/141536117/s718/muhyo-and-roji-bureau-dinvestigation-des-affaires-du-paranormal'],[' 7.1 ']
186,['2019'],[' Lord El-Melloi II’s Case Files {Rail Zeppelin} Grace note '],"[[' Daisuke Namikawa ', ' Reina Ueda ', ' Inori Minase ', ' Shizuka Itoh ', ' Miho Okasaki ', ' Daisuke Ono ', ' Yusuke Kobayashi ', ' Yoshitsugu Matsuoka ', ' Daisuke Hirakawa ', ' Seiichiro Yamashita ']]","[['Science-Fiction ', 'Animation ', 'Action & Aventure ', 'Fantastique ']]",['https://images.justwatch.com/poster/191235245/s718/lord-el-melloi-ii-sei-no-jikenbo'],[' 6.9 ']
187,['2020'],[' Runway de Waratte '],"[[' Yumiri Hanamori ', ' Natsuki Hanae ', ' Ai Kayano ', ' Yui Ishikawa ', ' Hibiku Yamamura ', ' Hikaru Akao ', ' Ryohei Kimura ', ' Ayaka Fukuhara ', ' Kohei Amasaki ', ' Keiko Han ', ' Yui Makino ', ' Mayumi Asano ', ' Junichi Suwabe ']]","[['Animation ', 'Drame ', 'Comédie ']]",['https://images.justwatch.com/poster/168421139/s718/ranueidexiao-tsute'],[' 6.9 ']
188,['2020'],[' Hatena☆Illusion '],"[[' Yoshitsugu Matsuoka ', ' Aina Suzuki ', ' Miyu Tomita ', ' Mao Ichimichi ', ' Takashi Matsuyama ', ' Yoshimasa Hosoya ', ' Yoshino Nanjo ', ' Satomi Arai ', ' Sumire Uesaka ']]","[['Science-Fiction ', 'Animation ', 'Comédie ', 'Drame ']]",['https://images.justwatch.com/poster/164918042/s718/hatenairiyuziyon'],[' 6.1 ']
189,['2021'],[' Drowning Sorrows in Raging Fire '],[[]],[['Action & Aventure ']],['https://images.justwatch.com/poster/252929936/s718/drowning-sorrows-in-raging-fire'],[nan]
190,['2021'],[' The Defective '],[[]],"[['Science-Fiction ', 'Animation ']]",['https://images.justwatch.com/poster/293671058/s718/the-defective'],[nan]
191,['2017'],[' Blue Exorcist: Kyoto Saga '],[[]],"[['Animation ', 'Action & Aventure ', 'Drame ', 'Pour enfants ', 'Fantastique ', 'Horreur ']]",['https://images.justwatch.com/poster/141882233/s718/ao-no-exorcist-kyoto-fujouou-hen'],[' 7.3 (2k) ']
192,['2021'],[' KAGINADO '],[[]],"[['Animation ', 'Comédie ', 'Fantastique ', 'Drame ']]",['https://images.justwatch.com/poster/251747503/s718/kaginado'],[' 6.8 ']
193,['2019'],[' Shoumetsu Toshi '],"[[' Nishimura Taisuke ', ' Hina Suguta ', ' Haruka Shamoto ', ' Aguri Oonishi ', ' Hikari Sonoyama ', ' Masaki Terasoma ', ' Hidenori Takahashi ', ' Yoshitsugu Matsuoka ', ' Makoto Takahashi ', ' Yoshitaka Yamaya ', ' Ryota Suzuki ', ' Tomoyo Kurosawa ', ' Natsumi Hioka ', ' Tarusuke Shingaki ', ' Emiri Iwai ', ' Nobunaga Shimazaki ', ' Tomokazu Sugita ', ' Ayaka Asai ', ' Kana Hanazawa ', ' Aimi ', ' Ayane Sakura ', ' Asami Imai ', ' KENN ', ' Yuichi Nakamura ', ' Mitsuki Nakae ']]","[['Action & Aventure ', 'Science-Fiction ', 'Animation ', 'Drame ', 'Fantastique ', 'Comédie Romantique ']]",['https://images.justwatch.com/poster/253937618/s718/afterlost'],[' 5.2 ']
194,['2022'],[' Tokyo 24th Ward '],"[[' Yuma Uchida ', ' Kaito Ishikawa ', ' Junya Enoki ', ' Yui Makino ', ' Nanami Tomaru ', ' Hitomi Nabatame ', ' Taiten Kusunoki ', ' Soma Saito ', ' Atsushi Imaruoka ', ' Eri Kitamura ', ' Youji Ueda ', ' Rina Hidaka ', ' Yuichi Nakamura ', ' Yumiri Hanamori ', ' Hiroya Egashira ', ' Sayaka Ohara ', ' Manaka Iwami ']]",[['Action & Aventure ']],['https://images.justwatch.com/poster/258646033/s718/tokyo-24th-ward'],[nan]
195,['2020'],[' Sakura Wars: The Animation '],[[]],"[['Animation ', 'Action & Aventure ', 'Science-Fiction ']]",['https://images.justwatch.com/poster/152682217/s718/sakura-wars-the-animation'],[' 6.1 ']
196,['2021'],[' 2.43 - Seiin Koukou Danshi Volley-bu '],"[[' Yuuichirou Umehara ', ' Kensho Ono ', ' Shouta Aoi ', ' Junya Enoki ', ' Kento Itou ', ' Subaru Kimura ', ' Kaito Takeda ', ' Yuu Wakabayashi ', ' Takuya Eguchi ', ' Shun Horie ', ' Kaito Ishikawa ', ' Kohei Amasaki ', ' Kento Shiraishi ', ' Kenjirou Abekawa ', ' Genki Okawa ', ' Gakuto Kajiwara ', ' Sho Nogami ']]",[['Drame ']],['https://images.justwatch.com/poster/240972225/s718/2-43-seiin-koukou-danshi-volley-bu'],[nan]
197,['2020'],[' Nekopara '],"[[' Yuki Yagi ', ' Iori Saeki ', ' Shiori Izawa ', ' Miku Ito ', ' Yuri Noguchi ', ' Marin Mizutani ', ' Shinnosuke Tachibana ', ' Mao Ichimichi ']]","[['Comédie ', 'Animation ', 'Comédie Romantique ']]",['https://images.justwatch.com/poster/164920927/s718/nekopara'],[' 6.1 ']
198,['2017'],"["" Akiba's Trip ""]","[[' Yuki Takao ', ' Rie Takahashi ', ' Haruki Ishiya ', ' Haruka Yamazaki ', ' Yu Serizawa ', ' Chinami Hashimoto ', ' Mariko Honda ', ' Kazuyuki Okitsu ', ' Misaki Kuno ', ' Marika Kouno ', ' Yuki Nagaku ', ' Kengo Kawanishi ', ' Jouji Nakata ', ' Eriko Nakamura ', ' Masumi Asano ', ' Haruko Momoi ', ' Arthur Lounsbery ', ' Atsushi Tamaru ', ' Aoi Yuki ']]","[['Action & Aventure ', 'Animation ']]",['https://images.justwatch.com/poster/253938265/s718/akibas-trip-the-animation'],[' 6.0 ']
199,['2016'],[' Dimension W '],"[[' Daisuke Ono ', ' Reina Ueda ', ' Akira Ishida ', ' Yuichi Nakamura ', ' Kimiko Saito ', ' Takaya Hashi ', ' Eri Suzuki ']]","[['Science-Fiction ', 'Animation ', 'Action & Aventure ']]",['https://images.justwatch.com/poster/249264496/s718/dimension-w'],[' 6.9 ']
200,['2020'],[' Houkago Teibou Nisshi '],"[[' Natsumi Kawaida ', ' Kanon Takao ', ' Satomi Akesaka ', ' Yu Sasahara ']]","[['Animation ', 'Comédie ', 'Drame ']]",['https://images.justwatch.com/poster/224992434/s718/houkago-teibou-nisshi'],[' 7.2 ']
201,['2020'],[' number24 '],"[[' Ryota Suzuki ', ' Shohei Komatsu ', ' Takuya Kodama ', ' Masamu Ono ', ' Shinnosuke Murashima ', ' Mizuki Chiba ', ' Atsushi Taniguchi ', ' Yuki Ishikari ', ' Ryūma Kuno ', ' Yūta Hayama ', ' Junichi Yanagita ', ' Soma Saito ', ' Kaito Ishikawa ', ' Makoto Furukawa ', ' Hinata Tadokoro ', ' Kengo Kawanishi ', ' Shinnosuke Tachibana ', ' Ayumu Murase ', ' Kazuyuki Okitsu ', ' Aoi Ichikawa ', ' Kentaro Kumagai ', ' Yuki Inoue ', ' Gakuto Kajiwara ', ' Kohei Amasaki ', ' Shogo Yano ', ' Daichi Kanbara ', ' Masanori Kobayashi ', ' Takuma Nagatsuka ']]","[['Animation ', 'Action & Aventure ']]",['https://images.justwatch.com/poster/164381405/s718/number24'],[' 6.8 ']
202,['2020'],[' Lapis Re:LiGHTs '],"[[' Hazuki Hoshino ', ' Yoko Nakayama ', ' Yukimi Hayase ', ' Seika Hirose ', ' Yuuka Amemiya ', ' Yuu Sakuragi ', ' Saeko Oku ', ' Yukari Anzai ', ' Live Mukai ', ' Risa Kubota ', ' Yoshino Nanjo ', ' Ayane Sakura ', ' Tomomi Mineuchi ', ' Rina Honnizumi ', ' Sumire Uesaka ', ' Yu Sasahara ', ' Yuko Ono ', ' Haruka Itou ', ' Iori Saeki ', ' Hikaru Akao ', ' Risae Matsuda ', ' Kana Hanazawa ', ' Arisa Suzuki ', ' Mizuki Yamamoto ']]","[['Animation ', 'Fantastique ', 'Musique & Comédie Musicale ']]",['https://images.justwatch.com/poster/253935838/s718/rapisuriraitsu'],[' 6.7 ']
203,['2015'],[' Show By Rock!! '],"[[' Eri Inagawa ', ' Yuji Ueda ', ' Ayane Sakura ', ' Risa Shimizu ', ' Sumire Uesaka ', ' Manami Numakura ']]","[['Comédie ', 'Animation ', 'Musique & Comédie Musicale ', ' Takahiro Ikezoe ']]",['https://images.justwatch.com/poster/240298816/s718/show-by-rock'],[' 6.8 ']
204,['2019'],[' Sarazanmai '],"[[' Ayumu Murase ', ' Koki Uchiyama ', ' Shun Horie ', ' Mamoru Miyano ', ' Yoshimasa Hosoya ', ' Teiko Kagohara ', ' Junichi Suwabe ', ' Rie Kugimiya ']]","[['Science-Fiction ', 'Animation ', 'Comédie ', 'Fantastique ', 'Musique & Comédie Musicale ']]",['https://images.justwatch.com/poster/124166096/s718/sarazanmai'],[' 7.0 ']
205,['2021'],[' Gekidol '],"[[' Chihira Mochida ', ' Aya Akiyoshi ', ' Nozomi Yamamoto ', ' Kana Hanazawa ', ' Kaori Mizuhashi ', ' Amina Sato ', ' Sarara Yashima ', ' Ayaka Suwa ', ' Mao Ichimichi ', ' Hikaru Akao ']]","[['Drame ', 'Animation ', 'Science-Fiction ']]",['https://images.justwatch.com/poster/248811948/s718/gekidol'],[nan]
206,['2021'],[' Otherside Picnic '],"[[' Yumiri Hanamori ', ' Ai Kayano ', ' Rina Hidaka ', ' Miyu Tomita ']]",[['Science-Fiction ']],['https://images.justwatch.com/poster/240278506/s718/urasekai-picnic'],[nan]
207,['2020'],[' A3! '],"[[' Yoichi Hose ', ' Chiharu Sawashiro ', ' Shunsuke Takeuchi ', ' Kento Hama ', ' Kentaro Kumagai ', ' Seiya Konishi ', ' Atsushi Tamaru ', ' Takuya Sato ', ' Junta Terashima ', ' Toshiyuki Toyonaga ', ' Tetsuya Kakihara ']]","[['Animation ', 'Drame ', 'Comédie ', 'Musique & Comédie Musicale ']]",['https://images.justwatch.com/poster/165223355/s718/a3-season-spring-and-summer'],[' 7.0 ']
208,['2011'],[' Fractale '],"[[' Kana Hanazawa ', ' Shintaro Asanuma ', ' Yu Kobayashi ', ' Yuka Iguchi ', ' Minami Tsuda ']]","[['Action & Aventure ', 'Science-Fiction ', 'Comédie ', 'Drame ', 'Fantastique ', 'Animation ']]",['https://images.justwatch.com/poster/261244803/s718/fractale'],[' 6.8 ']
209,['2021'],[' LBX Girls '],"[[' Rikako Aida ', ' Rie Murakawa ', ' Saori Onishi ', ' Ayaka Fukuhara ', ' Saki Miyashita ']]","[['Action & Aventure ', 'Science-Fiction ', 'Animation ']]",['https://images.justwatch.com/poster/249368309/s718/soukou-musume-senki'],[nan]
210,['2018'],[' Tokyo Ghoul:re '],[[]],[['Action & Aventure ']],['https://images.justwatch.com/poster/50858322/s718/tokyo-ghoul-re'],[nan]
211,['1997'],[' Battle Athletes '],"[[' Yuriko Yamaguchi ', ' Miki Takahashi ', ' Miki Ito ', ' Rio Natsuki ', ' Akiko Yajima ', ' Aya Hisakawa ', ' Akemi Okamura ', ' Aya Sakaguchi ', ' Kôji Nakata ', ' Taeko Kawata ', ' Tomoko Kawakami ', ' Unsho Ishizuka ', ' Yoko Soumi ', ' Ai Orikasa ', ' Asako Fujii ', ' Junji Kitajima ', ' Kazuhiko Inoue ', ' Takehiro Murozono ', ' Takehiro Murozono ']]","[['Comédie ', 'Action & Aventure ', 'Animation ', 'Science-Fiction ', 'Drame ', 'Sport & Fitness ']]",['https://images.justwatch.com/poster/243424253/s718/batoruasuritesuda-yun-dong-hui'],[' 5.6 ']
212,['2021'],[' Skate-Leading☆Stars '],"[[' Yuma Uchida ', ' Reo Tsuchida ', ' Kaito Takeda ', ' Hiroshi Kamiya ', ' Makoto Furukawa ', ' Hirofumi Nojima ', ' Tomoaki Maeno ', ' Gen Sato ', ' Yuuichirou Umehara ', ' Shoya Chiba ', ' Soma Saito ', ' Natsuki Hanae ', ' Kenji Nojima ', ' Yuki Ono ', ' Satoshi Hino ']]","[['Animation ', 'Drame ', 'Comédie ']]",['https://images.justwatch.com/poster/240278594/s718/skate-leadingstars'],[nan]
213,['2019'],[' Houkago Saikoro Club '],"[[' Miyu Tomita ', ' Saki Miyashita ', ' Takaya Kuroda ', ' Marika Kouno ']]","[['Comédie ', 'Animation ', 'Pour enfants ', 'Drame ']]",['https://images.justwatch.com/poster/249259581/s718/houkago-saikoro-club'],[' 6.6 ']
214,['2020'],[' D4DJ First Mix '],"[[' Yuka Nishio ', ' Karin Kagami ', ' Haruka Mimura ', ' Kanon Shizaki ', ' Aimi ', ' Miyu Takagi ', ' Moeka Koizumi ', ' Reo Kurachi ', ' Risa Tsumugi ', ' Ami Maeshima ', ' Haruki Iwata ', ' Hinata Sato ', ' Nana Mizuki ', ' Raychell ', ' Toru Furuya ', ' Shuka Saito ']]","[['Animation ', 'Comédie ', 'Musique & Comédie Musicale ']]",['https://images.justwatch.com/poster/243597836/s718/d4dj-first-mix'],[' 8.2 ']
215,['2020'],[' Gal to Kyouryuu '],"[[' Youki Kudoh ', ' Miyuri Shimabukuro ', ' Seiichiro Yamashita ', ' Yuko Natsuyoshi ']]","[['Animation ', 'Comédie ']]",['https://images.justwatch.com/poster/176922585/s718/gal-to-kyouryuu'],[' 6.9 ']
216,['2020'],[' Maesetsu '],"[[' Asuka Aida ', ' Sakura Nakamura ', ' Seiro Ogino ', ' Hiromi Igarashi ', ' Risako Murai ', ' Aguri Oonishi ', ' Yuuki Takada ', ' Naomi Ozora ', ' Nozomi Furuki ', ' Kentaro Tone ', ' Ayaka Shimizu ', ' Rei Shimoda ']]","[['Comédie ', 'Animation ']]",['https://images.justwatch.com/poster/208530613/s718/maesetsu'],[' 6.1 ']
217,['2020'],[' Dropout Idol Fruit Tart '],"[[' Kyouka Moriya ', ' Kaoru Sakura ', ' Haruka Shiraishi ', ' Risa Kubota ', ' Hiyori Nitta ', ' Reina Kondo ', ' Yoko Hikasa ', ' Yu Sasahara ', ' Takako Tanaka ', ' Yuiko Tatsumi ', ' Rena Maeda ', ' Yui Horie ']]",[['Animation ']],['https://images.justwatch.com/poster/249496558/s718/ochikoborehurutsutaruto'],[nan]
218,['2019'],"["" Girls' Frontline ""]","[[' Yume Maihara ', ' Karin Mitarai ', ' Haruka Tomatsu ', ' Nozomi Yamane ', ' Emiri Kato ', ' Yukari Tamura ', ' Mikako Komatsu ', ' Nao Toyama ', ' Hitomi Nabatame ', ' Kaya Okuno ', ' Shizuka Itoh ', ' Akio Otsuka ', ' Eriko Matsui ', ' Sumire Uesaka ', ' Tomomi Mineuchi ', ' Ai Nonaka ', ' Ayaka Suwa ', ' Saori Onishi ']]","[['Science-Fiction ', 'Animation ', 'Action & Aventure ']]",['https://images.justwatch.com/poster/261398985/s718/girls-frontline'],[nan]
219,['2021'],[' Project Scard : Praeter no Kizu '],"[[' Arthur Lounsbery ', ' Atsushi Kosaka ', ' Shoya Chiba ', ' Junya Enoki ', ' Takeaki Masuyama ', ' Sho Nogami ', ' Taku Yashiro ', ' Tasuku Hatanaka ', ' Katsumi Fukuhara ', ' Kenjiro Tsuda ', ' Youji Ueda ']]","[['Action & Aventure ', 'Science-Fiction ', 'Animation ']]",['https://images.justwatch.com/poster/240278622/s718/project-scard-praeter-no-kizu'],[' 6.0 ']
220,['2021'],[' SD Gundam World Heroes '],[[]],"[['Action & Aventure ', 'Comédie ', 'Science-Fiction ', 'Animation ']]",['https://images.justwatch.com/poster/246440487/s718/sd-gundam-world-heroes'],[' 5.0 ']
221,['2014'],[' Hanamonogatari '],"[[' Kana Asumi ', ' Michiko Neya ', ' Kaori Mizuhashi ', ' Hiroshi Kamiya ', ' Yui Horie ', ' Yuka Iguchi ']]","[['Animation ', 'Mystère & Thriller ', 'Comédie ', 'Fantastique ']]",['https://images.justwatch.com/poster/142272538/s718/hanamonogatari'],[' 7.6 (1k) ']
222,['2019'],[' Zoku Owarimonogatari '],"[[' Hiroshi Kamiya ', ' Yuka Iguchi ', ' Eri Kitamura ', ' Miyuki Sawashiro ', ' Kana Hanazawa ', ' Saori Hayami ', ' Yui Horie ', ' Chiwa Saito ', ' Marina Inoue ', ' Maaya Sakamoto ', ' Kaori Mizuhashi ', ' Michiko Neya ', ' Emiri Kato ']]","[['Animation ', 'Science-Fiction ', ' Akiyuki Simbo ']]",['https://images.justwatch.com/poster/241298446/s718/sok-zhong-wu-yu'],[nan]
223,['2015'],[' Owarimonogatari '],[[]],"[['Animation ', 'Science-Fiction ', 'Mystère & Thriller ', 'Drame ', 'Comédie ', 'Fantastique ', ' Akiyuki Simbo ', ' Tomoyuki Itamura ']]",['https://images.justwatch.com/poster/241298440/s718/owarimonogatari'],[' 8.4 (1k) ']
224,['2008'],[' Flow '],[[]],[['Drame ']],['https://images.justwatch.com/poster/247260483/s718/flow'],[' 6.9 ']
225,['2021'],[' Hetalia: World Stars '],[[]],"[['Animation ', 'Comédie ']]",['https://images.justwatch.com/poster/246439873/s718/hetalia-world-stars'],[' 6.8 ']
226,['2017'],"["" Fate/Stay Night: Heaven's Feel ""]",[[]],"[['Animation ', 'Horreur ']]",['https://images.justwatch.com/poster/291199892/s718/fate-stay-night-heavens-feel'],[' 8.5 ']
227,['2018'],[' Born To '],[[]],"[['Documentaire ', 'Action & Aventure ', 'Sport & Fitness ']]",['https://images.justwatch.com/poster/245598160/s718/born-to'],[nan]
